PROV756;Bari delle Puglie;;;;;;;;;x;;
PROV1;Juneau;;;;;;;;;x;;
PROV2;Caraguatay;;;;;;;;;x;;
PROV3;Anchorage;;;;;;;;;x;;
PROV4;Fairbanks;;;;;;;;;x;;
PROV5;Nome;;;;;;;;;x;;
PROV7;Vegreville;;;;;;;;;x;;
PROV10;Edson;;;;;;;;;x;;
PROV10;Hinton;;;;;;;;;x;;
PROV11;Yellowknife;;;;;;;;;x;;
PROV12;Fort Smith;;;;;;;;;x;;
PROV14;Victoria;;;;;;;;;x;;
PROV16;Kamloops;;;;;;;;;x;;
PROV17;Cranbrook;;;;;;;;;x;;
PROV705;Abbotsford;;;;;;;;;x;;
PROV21;Nelson;;;;;;;;;x;;
PROV23;Fort McMurray;;;;;;;;;x;;
PROV25;High River;;;;;;;;;x;;
PROV27;Wainwright;;;;;;;;;x;;
PROV28;Lethbridge;;;;;;;;;x;;
PROV31;La Ronge;;;;;;;;;x;;
PROV33;Biggar;;;;;;;;;x;;
PROV38;Boissevain;;;;;;;;;x;;
PROV39;The Pas;;;;;;;;;x;;
PROV42;Ste. Anne;;;;;;;;;x;;
PROV43;Rankin Inlet;;;;;;;;;x;;
PROV44;St-Paul-de-Métis;;;;;;;;;x;;
PROV48;Haileybury;;;;;;;;;x;;
PROV49;Fort Frances;;;;;;;;;x;;
PROV59;Stephenville;;;;;;;;;x;;
PROV60;Pontiac;;;;;;;;;x;;
PROV70;Summerside;;;;;;;;;x;;
PROV72;Colchester;;;;;;;;;x;;
PROV73;Port Hawkesbury;;;;;;;;;x;;
PROV74;St. John's;;;;;;;;;x;;
PROV75;Grand Falls;;;;;;;;;x;;
PROV87;Salinas;;;;;;;;;x;;
PROV278;Derby;;;;;;;;;x;;
PROV283;York;;;;;;;;;x;;
PROV295;Bedford;;;;;;;;;x;;
PROV310;Kristiansand;;;;;;;;;x;;
PROV337;Leikanger;;;;;;;;;x;;
PROV347;Stavanger;;;;;;;;;x;;
PROV350;Wesenberg;;;;;;;;;x;;
PROV351;Pernau;;;;;;;;;x;;
PROV353;Arensburg;;;;;;;;;x;;
PROV355;Wolmar;;;;;;;;;x;;
PROV356;Dünaburg;;;;;;;;;x;;
PROV357;Mitau;;;;;;;;;x;;
PROV358;Windau;;;;;;;;;x;;
PROV359;Grobin;;;;;;;;;x;;
PROV360;Vilna;;;;;;;;;x;;
PROV361;Kovno;;;;;;;;;x;;
PROV363;Ponevezh;;;;;;;;;x;;
PROV364;Shavel;;;;;;;;;x;;
PROV365;Telsiai;;;;;;;;;x;;
PROV380;Jönköping;;;;;;;;;x;;
PROV393;Mariestad;;;;;;;;;x;;
PROV394;Mons;;;;;;;;;x;;
PROV396;Kristianstad;;;;;;;;;x;;
PROV400;Agen;;;;;;;;;x;;
PROV404;Périgueux;;;;;;;;;x;;
PROV413;Bar-le-Duc;;;;;;;;;x;;
PROV471;Guéret;;;;;;;;;x;;
PROV476;Pontevedra;;;;;;;;;x;;
PROV485;Zamora;;;;;;;;;x;;
PROV488;Guadalajara;;;;;;;;;x;;
PROV506;Segovia;;;;;;;;;x;;
PROV524;Viseu;;;;;;;;;x;;
PROV535;Halmstad;;;;;;;;;x;;
PROV538;Eupen-Malmedy;;;;;;;;;x;;
PROV541;Nigde;;;;;;;;;x;;
PROV550;Vitoria;;;;;;;;;x;;
PROV551;Yozgat;;;;;;;;;x;;
PROV557;Mamuret-ul-Aziz;;;;;;;;;x;;
PROV568;Gwadar;;;;;;;;;x;;
PROV574;Nyköping;;;;;;;;;x;;
PROV577;Orkney;;;;;;;;;x;;
PROV583;Igdir;;;;;;;;;x;;
PROV596;Artvin;;;;;;;;;x;;
PROV601;Saint Barthélemy;;;;;;;;;x;;
PROV610;Panduranga;;;;;;;;;x;;
PROV642;Veszprém;;;;;;;;;x;;
PROV645;Baja;;;;;;;;;x;;
PROV647;Oradea;;;;;;;;;x;;
PROV651;Satu Mare;;;;;;;;;x;;
PROV652;Temesvár;;;;;;;;;x;;
PROV654;Cluj;;;;;;;;;x;;
PROV656;Déva;;;;;;;;;x;;
PROV659;Brasov;;;;;;;;;x;;
PROV660;Miercurea Ciuc;;;;;;;;;x;;
PROV679;Samsun;;;;;;;;;x;;
PROV691;Stargard;;;;;;;;;x;;
PROV701;Shetland;;;;;;;;;x;;
PROV704;Nîmes;;;;;;;;;x;;
PROV710;Cherbourg;;;;;;;;;x;;
PROV725;Imperia;;;;;;;;;x;;
PROV740;Massa;;;;;;;;;x;;
PROV745;Pisa;;;;;;;;;x;;
PROV748;Grosseto;;;;;;;;;x;;
PROV753;Aquila degli Abruzzi;;;;;;;;;x;;
PROV758;Lecce;;;;;;;;;x;;
PROV759;Reggio di Calabria;;;;;;;;;x;;
PROV769;Kranj;;;;;;;;;x;;
PROV772;Vratsa;;;;;;;;;x;;
PROV773;Ogulin;;;;;;;;;x;;
PROV774;Gospic;;;;;;;;;x;;
PROV787;Tarnovo;;;;;;;;;x;;
PROV789;Travnik;;;;;;;;;x;;
PROV790;Ndola;;;;;;;;;x;;
PROV800;Podgorica;;;;;;;;;x;;
PROV820;Kozani;;;;;;;;;x;;
PROV821;Serres;;;;;;;;;x;;
PROV824;Ioannina;;;;;;;;;x;;
PROV833;Trikala;;;;;;;;;x;;
PROV835;Sparta;;;;;;;;;x;;
PROV838;Chalcis;;;;;;;;;x;;
PROV838;Chalcis;;;;;;;;;x;;
PROV839;Tripoli;;;;;;;;;x;;
PROV848;Heraclion;;;;;;;;;x;;
PROV860;Constantinople ;;;;;;;;;x;;
PROV900;Alexandretta;;;;;;;;;x;;
PROV901;Deir ez-Zor;;;;;;;;;x;;
PROV907;Al Jazira;;;;;;;;;x;;
PROV909;Irbid;;;;;;;;;x;;
PROV910;Karak;;;;;;;;;x;;
PROV911;Ma'an;;;;;;;;;x;;
PROV912;Zahleh;;;;;;;;;x;;
PROV914;Tripoli;;;;;;;;;x;;
PROV918;Ibri;;;;;;;;;x;;
PROV919;Haifa;;;;;;;;;x;;
PROV920;Ras al-Khaimah;;;;;;;;;x;;
PROV922;Hauran;;;;;;;;;x;;
PROV927;Hillah;;;;;;;;;x;;
PROV928;Baqubah;;;;;;;;;x;;
PROV931;Rumadiyah;;;;;;;;;x;;
PROV934;Al Diwaniyah;;;;;;;;;x;;
PROV939;Novogrudok;;;;;;;;;x;;
PROV947;Disna;;;;;;;;;x;;
PROV951;Las Tablas;;;;;;;;;x;;
PROV955;Proskurov;;;;;;;;;x;;
PROV956;Rovno;;;;;;;;;x;;
PROV959;Novograd-Volynsk;;;;;;;;;x;;
PROV961;Cherkasy;;;;;;;;;x;;
PROV965;Kherson;;;;;;;;;x;;
PROV969;Ananyev;;;;;;;;;x;;
PROV970;Elisavetgrad;;;;;;;;;x;;
PROV971;Aleksandriya;;;;;;;;;x;;
PROV974;Pavlograd;;;;;;;;;x;;
PROV975;Lugansk;;;;;;;;;x;;
PROV979;Rostov-on-Don;;;;;;;;;x;;
PROV980;Starobelsk;;;;;;;;;x;;
PROV981;Arkhangelsk;;;;;;;;;x;;
PROV982;Pechenga;;;;;;;;;x;;
PROV983;Pinega;;;;;;;;;x;;
PROV984;Kem;;;;;;;;;x;;
PROV986;Ust-Tsilma;;;;;;;;;x;;
PROV987;Ust-Sysolsk;;;;;;;;;x;;
PROV988;Povenets;;;;;;;;;x;;
PROV990;Veliky Ustiug;;;;;;;;;x;;
PROV991;Totma;;;;;;;;;x;;
PROV993;Vytegra;;;;;;;;;x;;
PROV995;Petrozavodsk;;;;;;;;;x;;
PROV1000;Torzhok;;;;;;;;;x;;
PROV1002;Hailar;;;;;;;;;x;;
PROV1009;Klin;;;;;;;;;x;;
PROV1015;Kozelsk;;;;;;;;;x;;
PROV1017;Oryol;;;;;;;;;x;;
PROV1019;Voronezh;;;;;;;;;x;;
PROV1020;Nizhny Novgorod;;;;;;;;;x;;
PROV1022;Sudogda;;;;;;;;;x;;
PROV1023;Kostroma;;;;;;;;;x;;
PROV1028;Vyatka;;;;;;;;;x;;
PROV1029;Glazov;;;;;;;;;x;;
PROV1038;Novouzensk;;;;;;;;;x;;
PROV1040;Tsarev;;;;;;;;;x;;
PROV1041;Elista;;;;;;;;;x;;
PROV1043;Buzuluk;;;;;;;;;x;;
PROV1045;Ust-Medveditskaya;;;;;;;;;x;;
PROV1046;Nizhne-Chirskaya;;;;;;;;;x;;
PROV1047;Novocherkassk;;;;;;;;;x;;
PROV1048;Yekaterinodar;;;;;;;;;x;;
PROV1051;Maykop;;;;;;;;;x;;
PROV1065;Surgut;;;;;;;;;x;;
PROV1068;Biysk;;;;;;;;;x;;
PROV1070;Yeniseysk;;;;;;;;;x;;
PROV1076;Nizhneudinsk;;;;;;;;;x;;
PROV1090;Tiflis;;;;;;;;;x;;
PROV1091;Telavi;;;;;;;;;x;;
PROV1092;Kutais;;;;;;;;;x;;
PROV1096;Batumi;;;;;;;;;x;;
PROV1099;Alexandropol;;;;;;;;;x;;
PROV1100;Goris;;;;;;;;;x;;
PROV1103;Quba;;;;;;;;;x;;
PROV1104;Nukha;;;;;;;;;x;;
PROV1105;Elisavetpol;;;;;;;;;x;;
PROV1106;Shusha;;;;;;;;;x;;
PROV1110;Urmia;;;;;;;;;x;;
PROV1176;Ataq;;;;;;;;;x;;
PROV1177;Zinjibar;;;;;;;;;x;;
PROV1181;Akmolinsk;;;;;;;;;x;;
PROV1183;Aktobe;;;;;;;;;x;;
PROV1184;Kokchetav;;;;;;;;;x;;
PROV1185;Aulie-Ata;;;;;;;;;x;;
PROV1186;Verny;;;;;;;;;x;;
PROV1188;Lepsinsk;;;;;;;;;x;;
PROV1189;Pishpek;;;;;;;;;x;;
PROV1190;Przhevalsk;;;;;;;;;x;;
PROV1193;Perovsk;;;;;;;;;x;;
PROV1194;Fort Alexandrovsky;;;;;;;;;x;;
PROV1197;Chimkent;;;;;;;;;x;;
PROV1201;Khujand;;;;;;;;;x;;
PROV1208;Khorog;;;;;;;;;x;;
PROV1211;Mazar-i-Sharif;;;;;;;;;x;;
PROV1213;Maymana;;;;;;;;;x;;
PROV1217;Gardez;;;;;;;;;x;;
PROV1237;Karnal;;;;;;;;;x;;
PROV1249;Chaibasa;;;;;;;;;x;;
PROV1278;Amravati;;;;;;;;;x;;
PROV1293;Bhuj;;;;;;;;;x;;
PROV1303;Panjim;;;;;;;;;x;;
PROV1315;Chittaldrug;;;;;;;;;x;;
PROV1318;Thripunithura;;;;;;;;;x;;
PROV1360;Luang Namtha;;;;;;;;;x;;
PROV1361;Svannakhet;;;;;;;;;x;;
PROV1363;Pakse;;;;;;;;;x;;
PROV1364;Phnom Penh;;;;;;;;;x;;
PROV1368;Stung Teng;;;;;;;;;x;;
PROV1381;Da Lat;;;;;;;;;x;;
PROV1391;Kota Bharu;;;;;;;;;x;;
PROV1395;Kuala Terengganu;;;;;;;;;x;;
PROV1396;Seremban;;;;;;;;;x;;
PROV1400;Serang;;;;;;;;;x;;
PROV1401;Madiun;;;;;;;;;x;;
PROV1403;Telukbetung;;;;;;;;;x;;
PROV1404;Tanjungpandan;;;;;;;;;x;;
PROV1407;Pekalongan;;;;;;;;;x;;
PROV1411;Banyumas;;;;;;;;;x;;
PROV1414;Bandung;;;;;;;;;x;;
PROV1420;Banyuwangi;;;;;;;;;x;;
PROV1422;Pasuruan;;;;;;;;;x;;
PROV1424;Lac Giao;;;;;;;;;x;;
PROV1425;Attapu;;;;;;;;;x;;
PROV1427;Bojonegoro;;;;;;;;;x;;
PROV1428;Magelang;;;;;;;;;x;;
PROV1429;Phan Thiet;;;;;;;;;x;;
PROV1431;Kompong Thom;;;;;;;;;x;;
PROV1432;Kratie;;;;;;;;;x;;
PROV1434;Svai Rieng;;;;;;;;;x;;
PROV1435;Oudong;;;;;;;;;x;;
PROV1436;Kompong Cham;;;;;;;;;x;;
PROV1437;Takeo;;;;;;;;;x;;
PROV1438;Singaraja;;;;;;;;;x;;
PROV1440;Prey Veng;;;;;;;;;x;;
PROV1441;Quang Ngai;;;;;;;;;x;;
PROV1442;Thakhek;;;;;;;;;x;;
PROV1443;Ha Tinh;;;;;;;;;x;;
PROV1444;Dong Hoi;;;;;;;;;x;;
PROV1448;Pursat;;;;;;;;;x;;
PROV1450;Siem Reap;;;;;;;;;x;;
PROV1451;Kompong Chhnang;;;;;;;;;x;;
PROV1452;Phongsaly;;;;;;;;;x;;
PROV1453;Phonsavan;;;;;;;;;x;;
PROV1472;Chuzhou;;;;;;;;;x;;
PROV1473;Huangshan;;;;;;;;;x;;
PROV1474;Hefei;;;;;;;;;x;;
PROV1475;Xuancheng;;;;;;;;;x;;
PROV1476;Suzhou;;;;;;;;;x;;
PROV1477;Ma'anshan;;;;;;;;;x;;
PROV1478;Fuyang;;;;;;;;;x;;
PROV1479;Mukden;;;;;;;;;x;;
PROV1483;Sanming;;;;;;;;;x;;
PROV1486;Longyan;;;;;;;;;x;;
PROV1489;Wudu;;;;;;;;;x;;
PROV1491;Yinchuan;;;;;;;;;x;;
PROV1494;Shantou;;;;;;;;;x;;
PROV1500;Shaoguan;;;;;;;;;x;;
PROV1504;Wuzhou;;;;;;;;;x;;
PROV1507;Kaili;;;;;;;;;x;;
PROV1509;Shangqiu;;;;;;;;;x;;
PROV1512;Zhoukou;;;;;;;;;x;;
PROV1514;Zhumadian;;;;;;;;;x;;
PROV1515;Sinsiang;;;;;;;;;x;;
PROV1516;Xiaogan;;;;;;;;;x;;
PROV1517;Suizhou;;;;;;;;;x;;
PROV1518;Huanggang;;;;;;;;;x;;
PROV1519;Xianning;;;;;;;;;x;;
PROV1521;Yichang;;;;;;;;;x;;
PROV1522;Wuhan;;;;;;;;;x;;
PROV1526;Shaoyang;;;;;;;;;x;;
PROV1527;Chenzhou;;;;;;;;;x;;
PROV1529;Jishou;;;;;;;;;x;;
PROV1531;Kon Tum;;;;;;;;;x;;
PROV1532;Kweisui;;;;;;;;;x;;
PROV1533;Tungliao;;;;;;;;;x;;
PROV1534;Xilin Gol;;;;;;;;;x;;
PROV1534;Xilinhot;;;;;;;;;x;;
PROV1535;Alxa;;;;;;;;;x;;
PROV1536;Huaiyin;;;;;;;;;x;;
PROV1540;Wuxi;;;;;;;;;x;;
PROV1546;Shangrao;;;;;;;;;x;;
PROV1547;Ji'an;;;;;;;;;x;;
PROV1548;Fuzhou;;;;;;;;;x;;
PROV1551;Jingdezhen;;;;;;;;;x;;
PROV1556;Golmud;;;;;;;;;x;;
PROV1557;Xining;;;;;;;;;x;;
PROV1558;Yushu;;;;;;;;;x;;
PROV1559;Sianfu;;;;;;;;;x;;
PROV1560;Xam Neua;;;;;;;;;x;;
PROV1561;Yan'an;;;;;;;;;x;;
PROV1564;Heze;;;;;;;;;x;;
PROV1565;Chefoo;;;;;;;;;x;;
PROV1567;Changwei;;;;;;;;;x;;
PROV1568;Tai'an;;;;;;;;;x;;
PROV1569;Zibo;;;;;;;;;x;;
PROV1570;Putai;;;;;;;;;x;;
PROV1571;Lini;;;;;;;;;x;;
PROV1573;Jinzhong;;;;;;;;;x;;
PROV1574;Jincheng;;;;;;;;;x;;
PROV1579;Mianyang;;;;;;;;;x;;
PROV1581;Daxian;;;;;;;;;x;;
PROV1582;Barkam;;;;;;;;;x;;
PROV1583;Nanchong;;;;;;;;;x;;
PROV1584;Wanxian;;;;;;;;;x;;
PROV1586;Kangding;;;;;;;;;x;;
PROV1590;Shannan;;;;;;;;;x;;
PROV1591;Nagqu;;;;;;;;;x;;
PROV1592;Burang;;;;;;;;;x;;
PROV1595;Kulja;;;;;;;;;x;;
PROV1596;Altay;;;;;;;;;x;;
PROV1603;Pu'er;;;;;;;;;x;;
PROV1605;Lishui;;;;;;;;;x;;
PROV1614;Hantan;;;;;;;;;x;;
PROV1615;Hengshui;;;;;;;;;x;;
PROV1618;Shimen;;;;;;;;;x;;
PROV1620;Sinuiju;;;;;;;;;x;;
PROV1623;Hsinchu;;;;;;;;;x;;
PROV1625;Lincang;;;;;;;;;x;;
PROV1627;Toatun;;;;;;;;;x;;
PROV1628;Cheongju;;;;;;;;;x;;
PROV1629;Jeonju;;;;;;;;;x;;
PROV1630;Takow;;;;;;;;;x;;
PROV1631;Chuncheon;;;;;;;;;x;;
PROV1634;Kiray;;;;;;;;;x;;
PROV1635;Gwangju;;;;;;;;;x;;
PROV1636;Daejeon;;;;;;;;;x;;
PROV1637;Taitung;;;;;;;;;x;;
PROV1643;Sapporo;;;;;;;;;x;;
PROV1644;Kushiro;;;;;;;;;x;;
PROV1679;Otsu;;;;;;;;;x;;
PROV1701;Tizi-Ouzou;;;;;;;;;x;;
PROV1702;Sétif;;;;;;;;;x;;
PROV1703;Médéa;;;;;;;;;x;;
PROV1706;Mostaganem;;;;;;;;;x;;
PROV1707;Tagdempt;;;;;;;;;x;;
PROV1710;Batna;;;;;;;;;x;;
PROV1713;Chlef;;;;;;;;;x;;
PROV1714;Béchar;;;;;;;;;x;;
PROV1715;Saïda;;;;;;;;;x;;
PROV1716;Sélibaby;;;;;;;;;x;;
PROV1717;Fort-Archambault;;;;;;;;;x;;
PROV1718;Lambaréné;;;;;;;;;x;;
PROV1719;Oyem;;;;;;;;;x;;
PROV1720;Laghouat;;;;;;;;;x;;
PROV1721;Mouila;;;;;;;;;x;;
PROV1722;Port-Gentil;;;;;;;;;x;;
PROV1732;Sousse;;;;;;;;;x;;
PROV1734;Nabeul;;;;;;;;;x;;
PROV1737;Béja;;;;;;;;;x;;
PROV1738;Jendouba;;;;;;;;;x;;
PROV1740;Sfax;;;;;;;;;x;;
PROV1741;Medenine;;;;;;;;;x;;
PROV1743;El Kef;;;;;;;;;x;;
PROV1744;Kasserine;;;;;;;;;x;;
PROV1746;Damietta;;;;;;;;;x;;
PROV1748;Mansoura;;;;;;;;;x;;
PROV1749;Zagazig;;;;;;;;;x;;
PROV1752;Marsa Matruh;;;;;;;;;x;;
PROV1753;Damanhur;;;;;;;;;x;;
PROV1754;Libenge;;;;;;;;;x;;
PROV1756;Arish;;;;;;;;;x;;
PROV1758;Kharga;;;;;;;;;x;;
PROV1759;Beled Weyne;;;;;;;;;x;;
PROV1760;Kabinda;;;;;;;;;x;;
PROV1761;Koulamoutou;;;;;;;;;x;;
PROV1763;Beni Suef;;;;;;;;;x;;
PROV1765;Faiyum;;;;;;;;;x;;
PROV1767;Sulaymaniyah;;;;;;;;;x;;
PROV1768;Amarah;;;;;;;;;x;;
PROV1769;Qena;;;;;;;;;x;;
PROV1770;Hurghada;;;;;;;;;x;;
PROV1772;Banha;;;;;;;;;x;;
PROV1775;Port-Étienne;;;;;;;;;x;;
PROV1778;Kaédi;;;;;;;;;x;;
PROV1779;Atar;;;;;;;;;x;;
PROV1780;Tidjikja;;;;;;;;;x;;
PROV1781;Néma;;;;;;;;;x;;
PROV1782;Kiffa;;;;;;;;;x;;
PROV1811;Tessaoua;;;;;;;;;x;;
PROV1813;Tahoua;;;;;;;;;x;;
PROV1814;Gouré;;;;;;;;;x;;
PROV1816;N'Guigmi;;;;;;;;;x;;
PROV1820;Léré;;;;;;;;;x;;
PROV1825;Ati;;;;;;;;;x;;
PROV1826;Largeau;;;;;;;;;x;;
PROV1871;Galkayo;;;;;;;;;x;;
PROV1873;Burao;;;;;;;;;x;;
PROV1874;Berbera;;;;;;;;;x;;
PROV1901;Ouagadougou;;;;;;;;;x;;
PROV1902;Dedougou;;;;;;;;;x;;
PROV1906;Gaoua;;;;;;;;;x;;
PROV1925;Oyo;;;;;;;;;x;;
PROV1926;Ijebu Ode;;;;;;;;;x;;
PROV1932;Port Harcourt;;;;;;;;;x;;
PROV1933;Onitsha;;;;;;;;;x;;
PROV1935;Ogoja;;;;;;;;;x;;
PROV1940;Minna;;;;;;;;;x;;
PROV1944;Mzuzu;;;;;;;;;x;;
PROV1946;Buta;;;;;;;;;x;;
PROV1951;Maiduguri;;;;;;;;;x;;
PROV1952;Birni N'Konni;;;;;;;;;x;;
PROV1974;Tchibanga;;;;;;;;;x;;
PROV1975;Franceville;;;;;;;;;x;;
PROV2300;Tromsø;;;;;;;;;x;;
PROV1983;Basankusu;;;;;;;;;x;;
PROV1984;Luebo;;;;;;;;;x;;
PROV1985;Bandundu;;;;;;;;;x;;
PROV1987;Kambove;;;;;;;;;x;;
PROV1988;Kafakumbu;;;;;;;;;x;;
PROV1989;Kongolo;;;;;;;;;x;;
PROV1990;Kindu;;;;;;;;;x;;
PROV1991;Costermansville;;;;;;;;;x;;
PROV1993;Coquilhatville;;;;;;;;;x;;
PROV1994;Inongo;;;;;;;;;x;;
PROV1995;Lisala;;;;;;;;;x;;
PROV1996;Stanleyville;;;;;;;;;x;;
PROV1998;Bambili;;;;;;;;;x;;
PROV2001;Uíge;;;;;;;;;x;;
PROV2006;Silva Pôrto;;;;;;;;;x;;
PROV2012;Kabwe;;;;;;;;;x;;
PROV2014;Solwezi;;;;;;;;;x;;
PROV2015;Livingstone;;;;;;;;;x;;
PROV2016;Mansa;;;;;;;;;x;;
PROV2022;Gulu;;;;;;;;;x;;
PROV2025;Isiolo;;;;;;;;;x;;
PROV2026;Nyeri;;;;;;;;;x;;
PROV2038;Pemba;;;;;;;;;x;;
PROV2040;Mahenge;;;;;;;;;x;;
PROV2041;Bukoba;;;;;;;;;x;;
PROV2045;Dodoma;;;;;;;;;x;;
PROV2046;Kigoma;;;;;;;;;x;;
PROV2049;Lourenço Marques;;;;;;;;;x;;
PROV2050;João Belo;;;;;;;;;x;;
PROV2057;Beira;;;;;;;;;x;;
PROV2062;Shangluo;;;;;;;;;x;;
PROV2063;Vila Cabral;;;;;;;;;x;;
PROV2066;Blantyre;;;;;;;;;x;;
PROV2090;Swellendam;;;;;;;;;x;;
PROV2119;Tamatave;;;;;;;;;x;;
PROV2120;Diégo-Suarez;;;;;;;;;x;;
PROV2121;Majunga;;;;;;;;;x;;
PROV2122;Tuléar ;;;;;;;;;x;;
PROV2210;Santa Clara;;;;;;;;;x;;
PROV2236;Philipsburg;;;;;;;;;x;;
PROV2242;Steinkjer;;;;;;;;;x;;
PROV2245;Angol;;;;;;;;;x;;
PROV2246;Abancay;;;;;;;;;x;;
PROV2128;Santa Marta;;;;;;;;;x;;
PROV2258;Neiva;;;;;;;;;x;;
PROV2260;Florencia;;;;;;;;;x;;
PROV2261;Calamar;;;;;;;;;x;;
PROV2262;Villavicencio;;;;;;;;;x;;
PROV2263;Mocoa;;;;;;;;;x;;
PROV2265;Acarigua;;;;;;;;;x;;
PROV2269;Barcelona;;;;;;;;;x;;
PROV2271;Trujillo;;;;;;;;;x;;
PROV2275;Ciudad Bolívar;;;;;;;;;x;;
PROV2276;Tucupita;;;;;;;;;x;;
PROV2277;Maturín;;;;;;;;;x;;
PROV2283;Macas;;;;;;;;;x;;
PROV2287;Chachapoyas;;;;;;;;;x;;
PROV2309;Lebu;;;;;;;;;x;;
PROV2313;Sucre;;;;;;;;;x;;
PROV2317;Cerro de Pasco;;;;;;;;;x;;
PROV2319;Trinidad;;;;;;;;;x;;
PROV2320;Chiclayo;;;;;;;;;x;;
PROV2326;San Felipe;;;;;;;;;x;;
PROV1847;Los Ángeles;;;;;;;;;x;;
PROV2335;Ancud;;;;;;;;;x;;
PROV2442;Juiz de Fora;;;;;;;;;x;;
PROV2471;Bathurst;;;;;;;;;x;;
PROV2472;Goulburn;;;;;;;;;x;;
PROV2474;Tamworth;;;;;;;;;x;;
PROV2477;Warrnambool;;;;;;;;;x;;
PROV2480;Wodonga;;;;;;;;;x;;
PROV2481;Mildura;;;;;;;;;x;;
PROV2482;Hobart;;;;;;;;;x;;
PROV2484;Bundaberg;;;;;;;;;x;;
PROV2485;Rockhampton;;;;;;;;;x;;
PROV2488;Cairns;;;;;;;;;x;;
PROV2493;Mount Gambier;;;;;;;;;x;;
PROV2495;Murray Bridge;;;;;;;;;x;;
PROV2496;Port Pirie;;;;;;;;;x;;
PROV2498;Albany;;;;;;;;;x;;
PROV2502;Carnarvon;;;;;;;;;x;;
PROV2503;Mandurah;;;;;;;;;x;;
PROV2504;Bunbury;;;;;;;;;x;;
PROV2505;Darwin;;;;;;;;;x;;
PROV2508;Geelong;;;;;;;;;x;;
PROV2519;Dong Ha;;;;;;;;;x;;
PROV2525;Tuy Hoa;;;;;;;;;x;;
PROV2531;Nha Trang;;;;;;;;;x;;
PROV2533;Târgu Mures;;;;;;;;;x;;
PROV2537;Rabaul;;;;;;;;;x;;
PROV2557;Vejle;;;;;;;;;x;;
PROV2559;Girga;;;;;;;;;x;;
PROV2561;Marigot;;;;;;;;;x;;
PROV2564;Wadi Halfa;;;;;;;;;x;;
PROV2567;Caserta;;;;;;;;;x;;
PROV2576;Kediri;;;;;;;;;x;;
PROV2580;Novaya Ladoga;;;;;;;;;x;;
PROV2587;Alexandrovsk;;;;;;;;;x;;
PROV2589;Sumy;;;;;;;;;x;;
PROV2590;Romny;;;;;;;;;x;;
PROV2592;Swift Current;;;;;;;;;x;;
PROV2594;Athabasca;;;;;;;;;x;;
PROV2595;Red Deer;;;;;;;;;x;;
PROV2596;Hanna;;;;;;;;;x;;
PROV2597;Grande Prairie;;;;;;;;;x;;
PROV2598;Redcliff;;;;;;;;;x;;
PROV2599;Everett;;;;;;;;;x;;
PROV2601;Mount Barker;;;;;;;;;x;;
PROV2602;Port Hedland;;;;;;;;;x;;
PROV2603;Katherine;;;;;;;;;x;;
PROV2605;Northam;;;;;;;;;x;;
PROV2606;Karkaraly;;;;;;;;;x;;
PROV2607;Korla;;;;;;;;;x;;
PROV2612;Kostanay;;;;;;;;;x;;
PROV2613;Minusinsk;;;;;;;;;x;;
PROV2614;Beyazit;;;;;;;;;x;;
PROV2619;Belebey;;;;;;;;;x;;
PROV2620;Efremov;;;;;;;;;x;;
PROV2622;Turinsk;;;;;;;;;x;;
PROV2625;Assiniboia;;;;;;;;;x;;
PROV2626;Peace River;;;;;;;;;x;;
PROV2628;Moose Jaw;;;;;;;;;x;;
PROV2629;Campbell River;;;;;;;;;x;;
PROV2630;Port Angeles;;;;;;;;;x;;
PROV2631;Bellingham;;;;;;;;;x;;
PROV2591;Ringkøbing;;;;;;;;;x;;
PROV2636;Nykøbing;;;;;;;;;x;;
PROV2639;Arzamas;;;;;;;;;x;;
PROV2642;Yalutorovsk;;;;;;;;;x;;
PROV2643;Kungur;;;;;;;;;x;;
PROV2646;Kuznetsk;;;;;;;;;x;;
PROV2647;Ust-Yansk;;;;;;;;;x;;
PROV2649;Tyukalinsk;;;;;;;;;x;;
PROV2650;Verkholensk;;;;;;;;;x;;
PROV2652;Verkneudinsk;;;;;;;;;x;;
PROV2653;Barguzin;;;;;;;;;x;;
PROV2656;Kansk;;;;;;;;;x;;
PROV2657;Rybinsk;;;;;;;;;x;;
PROV2658;Novozybkov;;;;;;;;;x;;
PROV2660;Ryazhsk;;;;;;;;;x;;
PROV2663;Ichun;;;;;;;;;x;;
PROV2664;Pavlodar;;;;;;;;;x;;
PROV2665;Shatsk;;;;;;;;;x;;
PROV2666;Saransk;;;;;;;;;x;;
PROV2669;Birsk;;;;;;;;;x;;
PROV2671;Tara;;;;;;;;;x;;
PROV2672;Changchun;;;;;;;;;x;;
PROV2674;Ostrogozhsk;;;;;;;;;x;;
PROV2675;Kurgan;;;;;;;;;x;;
PROV2677;Balagansk;;;;;;;;;x;;
PROV2678;Bautzen;;;;;;;;;x;;
PROV2681;Kuznetsk;;;;;;;;;x;;
PROV2682;Shenkursk;;;;;;;;;x;;
PROV2683;Kainsk;;;;;;;;;x;;
PROV2688;Pavlovsk;;;;;;;;;x;;
PROV2689;Nicobar Islands;;;;;;;;;x;;
PROV2690;Kozlov;;;;;;;;;x;;
PROV2692;Turukhansk;;;;;;;;;x;;
PROV2693;Mariinsk;;;;;;;;;x;;
PROV2694;Selenginsk;;;;;;;;;x;;
PROV2696;Iman;;;;;;;;;x;;
PROV2697;Svobodny;;;;;;;;;x;;
PROV2698;Zmeinogorsk;;;;;;;;;x;;
PROV2699;Butha;;;;;;;;;x;;
PROV2700;Solvychegodsk;;;;;;;;;x;;
PROV2701;Achinsk;;;;;;;;;x;;
PROV2702;Irgiz;;;;;;;;;x;;
PROV2713;Lake Peipus;;;;;;;;;x;;
PROV3249;Lake Khanka;;;;;;;;;x;;
PROV3250;Lake Ilmen;;;;;;;;;x;;
PROV3251;Lake Uvs;;;;;;;;;x;;
PROV3252;Lake Beloye;;;;;;;;;x;;
PROV3253;Lake Chany;;;;;;;;;x;;
PROV3254;Maebashi;;;;;;;;;x;;
PROV3255;Kofu;;;;;;;;;x;;
PROV3256;Gifu;;;;;;;;;x;;
PROV3257;Tsu;;;;;;;;;x;;
PROV3258;Tottori;;;;;;;;;x;;
PROV3259;Oita;;;;;;;;;x;;
PROV3260;Truro;;;;;;;;;x;;
PROV3261;Vesoul;;;;;;;;;x;;
PROV3262;Bourg-en-Bresse;;;;;;;;;x;;
PROV3263;Privas;;;;;;;;;x;;
PROV3264;Le Puy;;;;;;;;;x;;
PROV3265;Nevers;;;;;;;;;x;;
PROV3266;Gap;;;;;;;;;x;;
PROV3267;Albi;;;;;;;;;x;;
PROV3268;Mende;;;;;;;;;x;;
PROV3269;Auch;;;;;;;;;x;;
PROV3270;Tarbes;;;;;;;;;x;;
PROV3271;Niort;;;;;;;;;x;;
PROV3272;Palencia;;;;;;;;;x;;
PROV3274;Lugo;;;;;;;;;x;;
PROV3275;Orense;;;;;;;;;x;;
PROV3276;Braga;;;;;;;;;x;;
PROV3277;Bournemouth;;;;;;;;;x;;
PROV3278;Guildford;;;;;;;;;x;;
PROV3279;Reading;;;;;;;;;x;;
PROV3280;Stoke-upon-Trent;;;;;;;;;x;;
PROV3281;Hereford;;;;;;;;;x;;
PROV3282;Kendal;;;;;;;;;x;;
PROV3283;Durham;;;;;;;;;x;;
PROV3284;Boston;;;;;;;;;x;;
PROV3285;Norwich;;;;;;;;;x;;
PROV3286;Northampton;;;;;;;;;x;;
PROV3287;Buckingham;;;;;;;;;x;;
PROV3288;Cuneo;;;;;;;;;x;;
PROV3289;Pavia;;;;;;;;;x;;
PROV3290;Bakersfield;;;;;;;;;x;;
PROV3291;Stockton;;;;;;;;;x;;
PROV3292;Redding;;;;;;;;;x;;
PROV3293;San Bernardino;;;;;;;;;x;;
PROV3294;San Jose;;;;;;;;;x;;
PROV3295;Chico;;;;;;;;;x;;
PROV750;Syracuse;;;;;;;;;x;;
PROV735;Caltanissetta;;;;;;;;;x;;
PROV3298;Agrigento;;;;;;;;;x;;
PROV3299;Trapani;;;;;;;;;x;;
PROV3300;Cosenza;;;;;;;;;x;;
PROV3302;Avellino;;;;;;;;;x;;
PROV3303;Benevento;;;;;;;;;x;;
PROV3304;Campobasso;;;;;;;;;x;;
PROV3305;Chieti;;;;;;;;;x;;
PROV3306;Teramo;;;;;;;;;x;;
PROV3307;Ascoli Piceno;;;;;;;;;x;;
PROV3308;Macerata;;;;;;;;;x;;
PROV3309;Pesaro;;;;;;;;;x;;
PROV3310;Forli;;;;;;;;;x;;
PROV3311;Arezzo;;;;;;;;;x;;
PROV3312;Rovigo;;;;;;;;;x;;
PROV3313;Reggio nell'Emilia;;;;;;;;;x;;
PROV3314;Piacenza;;;;;;;;;x;;
PROV3315;Mantua;;;;;;;;;x;;
PROV3316;Cremona;;;;;;;;;x;;
PROV3317;Como;;;;;;;;;x;;
PROV3318;Sondrio;;;;;;;;;x;;
PROV3319;Vicenza;;;;;;;;;x;;
PROV3320;Belluno;;;;;;;;;x;;
PROV3321;Berdyansk;;;;;;;;;x;;
PROV3322;Alyoshki;;;;;;;;;x;;
PROV3323;Perekop;;;;;;;;;x;;
PROV3324;Yevpatoria;;;;;;;;;x;;
PROV3325;Tiraspol;;;;;;;;;x;;
PROV3326;Novomoskovsk;;;;;;;;;x;;
PROV3327;Verkhnodniprovsk;;;;;;;;;x;;
PROV3328;Bakhmut;;;;;;;;;x;;
PROV3329;Alexandrovsk;;;;;;;;;x;;
PROV3330;Akkerman;;;;;;;;;x;;
PROV3331;Bender;;;;;;;;;x;;
PROV3332;Orhei;;;;;;;;;x;;
PROV3333;Soroca;;;;;;;;;x;;
PROV3334;Hotin;;;;;;;;;x;;
PROV3335;Berdichev;;;;;;;;;x;;
PROV3336;Vasilkov;;;;;;;;;x;;
PROV3337;Balta;;;;;;;;;x;;
PROV3338;Mogilyov-on-Dniester;;;;;;;;;x;;
PROV3339;Gaysin;;;;;;;;;x;;
PROV3340;Radomyshl;;;;;;;;;x;;
PROV3341;Vladimir-Volynsky;;;;;;;;;x;;
PROV3342;Tarashcha;;;;;;;;;x;;
PROV3343;Uman;;;;;;;;;x;;
PROV3344;Kamenets-Podolsky;;;;;;;;;x;;
PROV3345;Slavyansk-on-Kuban;;;;;;;;;x;;
PROV3346;Uman;;;;;;;;;x;;
PROV3347;Kavkazskaya;;;;;;;;;x;;
PROV3348;Armavir;;;;;;;;;x;;
PROV3349;Batalpashinskaya;;;;;;;;;x;;
PROV3350;Myrgorod;;;;;;;;;x;;
PROV3351;Medvezhye;;;;;;;;;x;;
PROV3352;Blagodarny;;;;;;;;;x;;
PROV3353;Aleksandrovskoe;;;;;;;;;x;;
PROV3354;Letnaya Stavka;;;;;;;;;x;;
PROV3355;Kremenchug;;;;;;;;;x;;
PROV3356;Lutsk;;;;;;;;;x;;
PROV3357;Kremenets;;;;;;;;;x;;
PROV3358;Ovruch;;;;;;;;;x;;
PROV3359;Starokonstantinov;;;;;;;;;x;;
PROV3360;Lubny;;;;;;;;;x;;
PROV3361;Priluki;;;;;;;;;x;;
PROV3362;Pereyaslav;;;;;;;;;x;;
PROV3363;Constantinograd;;;;;;;;;x;;
PROV3364;Kozelets;;;;;;;;;x;;
PROV3365;Starodub;;;;;;;;;x;;
PROV3366;Glukhov;;;;;;;;;x;;
PROV3367;Krolevets;;;;;;;;;x;;
PROV3368;Konotop;;;;;;;;;x;;
PROV3369;Akhtyrka;;;;;;;;;x;;
PROV3370;Volchansk;;;;;;;;;x;;
PROV3371;Izyum;;;;;;;;;x;;
PROV3372;Kupyansk;;;;;;;;;x;;
PROV3373;Bobruisk;;;;;;;;;x;;
PROV3374;Borisov;;;;;;;;;x;;
PROV3375;Igumen;;;;;;;;;x;;
PROV3376;Rechitsa;;;;;;;;;x;;
PROV3377;Olgopol;;;;;;;;;x;;
PROV3378;Korocha;;;;;;;;;x;;
PROV3379;Oboyan;;;;;;;;;x;;
PROV3380;Stary Oskol;;;;;;;;;x;;
PROV3381;Rylsk;;;;;;;;;x;;
PROV3382;Biryuch;;;;;;;;;x;;
PROV3383;Zadonsk;;;;;;;;;x;;
PROV3384;Korotoyak;;;;;;;;;x;;
PROV3385;Bobrov;;;;;;;;;x;;
PROV3386;Boguchar;;;;;;;;;x;;
PROV3387;Novokhopyorsk;;;;;;;;;x;;
PROV3388;Sevsk;;;;;;;;;x;;
PROV3389;Bolkhov;;;;;;;;;x;;
PROV3390;Mtsensk;;;;;;;;;x;;
PROV3391;Livny;;;;;;;;;x;;
PROV3392;Yelets;;;;;;;;;x;;
PROV3393;Trubchevsk;;;;;;;;;x;;
PROV3394;Kamenskaya;;;;;;;;;x;;
PROV3395;Konstantinovskaya;;;;;;;;;x;;
PROV3396;Proletarskaya;;;;;;;;;x;;
PROV3397;Taganrog;;;;;;;;;x;;
PROV3398;Uryupinsk;;;;;;;;;x;;
PROV3399;Bogorodsk;;;;;;;;;x;;
PROV3400;Serpukhov;;;;;;;;;x;;
PROV3401;Kolomna;;;;;;;;;x;;
PROV3402;Vereya;;;;;;;;;x;;
PROV3403;Valday;;;;;;;;;x;;
PROV3404;Kirillov;;;;;;;;;x;;
PROV3405;Kresttsy;;;;;;;;;x;;
PROV3406;Staraya Russa;;;;;;;;;x;;
PROV3407;Ustyuzhna;;;;;;;;;x;;
PROV3408;Cherepovets;;;;;;;;;x;;
PROV3409;Demyansk;;;;;;;;;x;;
PROV3410;Novorzhev;;;;;;;;;x;;
PROV3411;Opochka;;;;;;;;;x;;
PROV3412;Porkhov;;;;;;;;;x;;
PROV3413;Ostrov;;;;;;;;;x;;
PROV3414;Toropets;;;;;;;;;x;;
PROV3415;Kholm;;;;;;;;;x;;
PROV3416;Bezhetsk;;;;;;;;;x;;
PROV3417;Vesyegonsk;;;;;;;;;x;;
PROV3418;Vyshny Volochyok;;;;;;;;;x;;
PROV3419;Kashin;;;;;;;;;x;;
PROV3420;Korcheva;;;;;;;;;x;;
PROV3421;Ostashkov;;;;;;;;;x;;
PROV3422;Staritsa;;;;;;;;;x;;
PROV3423;Mikhaylov;;;;;;;;;x;;
PROV3424;Sapozhok;;;;;;;;;x;;
PROV3425;Yegoryevsk;;;;;;;;;x;;
PROV3426;Ranenburg;;;;;;;;;x;;
PROV3427;Kasimov;;;;;;;;;x;;
PROV3428;Spassk;;;;;;;;;x;;
PROV3429;Bely;;;;;;;;;x;;
PROV3430;Gzhatsk;;;;;;;;;x;;
PROV3431;Dorogobuzh;;;;;;;;;x;;
PROV3432;Dukhovshchina;;;;;;;;;x;;
PROV3433;Yelnya;;;;;;;;;x;;
PROV3434;Porechye;;;;;;;;;x;;
PROV3435;Roslavl;;;;;;;;;x;;
PROV3436;Yukhnov;;;;;;;;;x;;
PROV3437;Belyov;;;;;;;;;x;;
PROV3438;Bogoroditsk;;;;;;;;;x;;
PROV3439;Venyov;;;;;;;;;x;;
PROV3440;Krapivna;;;;;;;;;x;;
PROV3441;Borovsk;;;;;;;;;x;;
PROV3442;Meshchovsk;;;;;;;;;x;;
PROV3443;Zhizdra;;;;;;;;;x;;
PROV3444;Peterhof;;;;;;;;;x;;
PROV3445;Tsarskoye Selo;;;;;;;;;x;;
PROV3446;Shlisselburg;;;;;;;;;x;;
PROV3447;Yamburg;;;;;;;;;x;;
PROV3448;Atkarsk;;;;;;;;;x;;
PROV3449;Balashov;;;;;;;;;x;;
PROV3450;Volsk;;;;;;;;;x;;
PROV3451;Kamyshin;;;;;;;;;x;;
PROV3452;Petrovsk;;;;;;;;;x;;
PROV3453;Serdobsk;;;;;;;;;x;;
PROV3454;Khvalynsk;;;;;;;;;x;;
PROV3455;Danilov;;;;;;;;;x;;
PROV3456;Rostov;;;;;;;;;x;;
PROV3457;Mologa;;;;;;;;;x;;
PROV3458;Poshekhonye;;;;;;;;;x;;
PROV3459;Murom;;;;;;;;;x;;
PROV3460;Vyazniki;;;;;;;;;x;;
PROV3461;Pereslavl-Zalessky;;;;;;;;;x;;
PROV3462;Shuya;;;;;;;;;x;;
PROV3463;Suzdal;;;;;;;;;x;;
PROV3464;Soligalich;;;;;;;;;x;;
PROV3465;Yuryevets;;;;;;;;;x;;
PROV3466;Varnavino;;;;;;;;;x;;
PROV3467;Kologriv;;;;;;;;;x;;
PROV3468;Makaryev;;;;;;;;;x;;
PROV3469;Balakhna;;;;;;;;;x;;
PROV3470;Vasilsursk;;;;;;;;;x;;
PROV3471;Ardatov;;;;;;;;;x;;
PROV3472;Lukoyanov;;;;;;;;;x;;
PROV3473;Semyonov;;;;;;;;;x;;
PROV3474;Makaryevo;;;;;;;;;x;;
PROV3475;Temnikov;;;;;;;;;x;;
PROV3476;Lipetsk;;;;;;;;;x;;
PROV3477;Borisoglebsk;;;;;;;;;x;;
PROV3478;Kirsanov;;;;;;;;;x;;
PROV3479;Morshansk;;;;;;;;;x;;
PROV3480;Mokshan;;;;;;;;;x;;
PROV3481;Krasnoslobodsk;;;;;;;;;x;;
PROV3482;Chembar;;;;;;;;;x;;
PROV3483;Gorodishche;;;;;;;;;x;;
PROV3484;Bugulma;;;;;;;;;x;;
PROV3485;Buguruslan;;;;;;;;;x;;
PROV3486;Nikolaevsk;;;;;;;;;x;;
PROV3487;Stavropol-on-Volga;;;;;;;;;x;;
PROV3488;Alatyr;;;;;;;;;x;;
PROV3489;Ardatov;;;;;;;;;x;;
PROV3490;Buinsk;;;;;;;;;x;;
PROV3491;Karsun;;;;;;;;;x;;
PROV3492;Kurmysh;;;;;;;;;x;;
PROV3493;Sengiley;;;;;;;;;x;;
PROV3494;Laishev;;;;;;;;;x;;
PROV3495;Mamadysh;;;;;;;;;x;;
PROV3496;Spassk-Tatar;;;;;;;;;x;;
PROV3497;Tsarevokokshaisk;;;;;;;;;x;;
PROV3498;Tetyushi;;;;;;;;;x;;
PROV3499;Yadrin;;;;;;;;;x;;
PROV3500;Kozmodemyansk;;;;;;;;;x;;
PROV3501;Zlatoust;;;;;;;;;x;;
PROV3502;Menzelinsk;;;;;;;;;x;;
PROV3503;Sterlitamak;;;;;;;;;x;;
PROV3504;Verkhneuralsk;;;;;;;;;x;;
PROV3505;Troitsk;;;;;;;;;x;;
PROV3506;Yelabuga;;;;;;;;;x;;
PROV3507;Kotelnich;;;;;;;;;x;;
PROV3508;Malmyzh;;;;;;;;;x;;
PROV3509;Nolinsk;;;;;;;;;x;;
PROV3510;Orlov;;;;;;;;;x;;
PROV3511;Slobodskoy;;;;;;;;;x;;
PROV3512;Urzhum;;;;;;;;;x;;
PROV3513;Yaransk;;;;;;;;;x;;
PROV3514;Velsk;;;;;;;;;x;;
PROV3515;Gryazovets;;;;;;;;;x;;
PROV3516;Kadnikov;;;;;;;;;x;;
PROV3517;Nikolsk;;;;;;;;;x;;
PROV3518;Yarensk;;;;;;;;;x;;
PROV3519;Krasnoufimsk;;;;;;;;;x;;
PROV3520;Osa;;;;;;;;;x;;
PROV3521;Okhansk;;;;;;;;;x;;
PROV3522;Solikamsk;;;;;;;;;x;;
PROV3523;Cherdyn;;;;;;;;;x;;
PROV3524;Verkhoturye;;;;;;;;;x;;
PROV3525;Irbit;;;;;;;;;x;;
PROV3526;Kamyshlov;;;;;;;;;x;;
PROV3527;Shadrinsk;;;;;;;;;x;;
PROV3528;Kholmogory;;;;;;;;;x;;
PROV3529;Kargopol;;;;;;;;;x;;
PROV3530;Lodeynoye Pole;;;;;;;;;x;;
PROV3531;Olonets;;;;;;;;;x;;
PROV3532;Pudozh;;;;;;;;;x;;
PROV3533;Krasny Yar;;;;;;;;;x;;
PROV3534;Yenotayevka;;;;;;;;;x;;
PROV3535;Chyorny Yar;;;;;;;;;x;;
PROV3536;Rogachev;;;;;;;;;x;;
PROV3537;Senno;;;;;;;;;x;;
PROV3538;Klimovichi;;;;;;;;;x;;
PROV3539;Cherikov;;;;;;;;;x;;
PROV3540;Mstislavl;;;;;;;;;x;;
PROV3541;Velizh;;;;;;;;;x;;
PROV3542;Nevel;;;;;;;;;x;;
PROV3543;Sebezh;;;;;;;;;x;;
PROV3544;Lyutsin;;;;;;;;;x;;
PROV3545;Rezhitsa;;;;;;;;;x;;
PROV3546;Lepel;;;;;;;;;x;;
PROV3547;Hapsal;;;;;;;;;x;;
PROV3548;Weissenstein;;;;;;;;;x;;
PROV3549;Fellin;;;;;;;;;x;;
PROV3550;Werro;;;;;;;;;x;;
PROV3551;Walk;;;;;;;;;x;;
PROV3552;Wenden;;;;;;;;;x;;
PROV3553;Friedrichstadt ;;;;;;;;;x;;
PROV3554;Goldingen;;;;;;;;;x;;
PROV3555;Vilkomir;;;;;;;;;x;;
PROV3556;Novoalexandrovsk;;;;;;;;;x;;
PROV3557;Raseiniai;;;;;;;;;x;;
PROV3558;Vileyka;;;;;;;;;x;;
PROV3559;Oshmyany;;;;;;;;;x;;
PROV3560;Sventiany;;;;;;;;;x;;
PROV3561;Troki;;;;;;;;;x;;
PROV3562;Pruzhany;;;;;;;;;x;;
PROV3563;Slonim;;;;;;;;;x;;
PROV3564;Kobrin;;;;;;;;;x;;
PROV3565;Nalchik;;;;;;;;;x;;
PROV3566;Kasumkent;;;;;;;;;x;;
PROV3567;Khasavyurt;;;;;;;;;x;;
PROV3568;Temir-Khan-Shura;;;;;;;;;x;;
PROV3569;Geokchay;;;;;;;;;x;;
PROV3570;Salyan;;;;;;;;;x;;
PROV3571;Shamakhi;;;;;;;;;x;;
PROV3572;Terter;;;;;;;;;x;;
PROV3573;Gazakh;;;;;;;;;x;;
PROV3574;Shulaveri;;;;;;;;;x;;
PROV3575;Gori;;;;;;;;;x;;
PROV3576;Dusheti;;;;;;;;;x;;
PROV3577;Sighnaghi;;;;;;;;;x;;
PROV3578;Zestaponi;;;;;;;;;x;;
PROV3579;Zagatala;;;;;;;;;x;;
PROV3580;Tsageri;;;;;;;;;x;;
PROV3581;Kagizman;;;;;;;;;x;;
PROV3582;Oltu;;;;;;;;;x;;
PROV3583;Vagharshapat;;;;;;;;;x;;
PROV3584;Novo-Bayazet;;;;;;;;;x;;
PROV3585;Lbishchensk;;;;;;;;;x;;
PROV3586;Temir;;;;;;;;;x;;
PROV3587;Atbasar;;;;;;;;;x;;
PROV3588;Petropavlovsk;;;;;;;;;x;;
PROV3589;Ust-Kamenogorsk;;;;;;;;;x;;
PROV3590;Zaisan;;;;;;;;;x;;
PROV3591;Dzharkent;;;;;;;;;x;;
PROV3592;Kopal;;;;;;;;;x;;
PROV3593;Urda;;;;;;;;;x;;
PROV3594;Kazalinsk;;;;;;;;;x;;
PROV3595;Petroaleksandrovsk;;;;;;;;;x;;
PROV3596;Kattakurgan;;;;;;;;;x;;
PROV3597;Jizzakh;;;;;;;;;x;;
PROV3598;Andijan;;;;;;;;;x;;
PROV3599;Ferghana;;;;;;;;;x;;
PROV3600;Namangan;;;;;;;;;x;;
PROV5111;Bilecik;;;;;;;;;x;;
PROV3602;Isparta;;;;;;;;;x;;
PROV3603;Zonguldak;;;;;;;;;x;;
PROV3604;Çankiri;;;;;;;;;x;;
PROV3605;Çorum;;;;;;;;;x;;
PROV3606;Kirsehir;;;;;;;;;x;;
PROV3607;Tokat;;;;;;;;;x;;
PROV3608;Ordu;;;;;;;;;x;;
PROV3609;Gümüshane;;;;;;;;;x;;
PROV3610;Rize;;;;;;;;;x;;
PROV3611;Sochi;;;;;;;;;x;;
PROV3613;Osmaniye;;;;;;;;;x;;
PROV3616;Pitesti;;;;;;;;;x;;
PROV3617;Fâlticeni;;;;;;;;;x;;
PROV3618;Buzâu;;;;;;;;;x;;
PROV3619;Bazargic;;;;;;;;;x;;
PROV3620;Turnu-Severin;;;;;;;;;x;;
PROV3621;Piatra;;;;;;;;;x;;
PROV3622;Slatina;;;;;;;;;x;;
PROV3623;Ploesti;;;;;;;;;x;;
PROV3624;Focsani;;;;;;;;;x;;
PROV3625;Rîmnicu-Sârat;;;;;;;;;x;;
PROV3626;Vaslui;;;;;;;;;x;;
PROV3627;Caracal;;;;;;;;;x;;
PROV3628;Turnu-Mâgurele;;;;;;;;;x;;
PROV3629;Rîmnicu-Vîlcea;;;;;;;;;x;;
PROV3630;Giurgiu;;;;;;;;;x;;
PROV3631;Arad;;;;;;;;;x;;
PROV3632;Sighet;;;;;;;;;x;;
PROV3633;Zalau;;;;;;;;;x;;
PROV3634;Odorhei;;;;;;;;;x;;
PROV3635;Dej;;;;;;;;;x;;
PROV3636;Sighisoara;;;;;;;;;x;;
PROV3637;Sfântu Gheorghe;;;;;;;;;x;;
PROV3638;Turda;;;;;;;;;x;;
PROV3639;Viborg;;;;;;;;;x;;
PROV3640;Fribourg;;;;;;;;;x;;
PROV3641;Aarau;;;;;;;;;x;;
PROV3642;Frauenfeld;;;;;;;;;x;;
PROV3643;Mohe;;;;;;;;;x;;
PROV3644;Anda;;;;;;;;;x;;
PROV3645;Suihwa;;;;;;;;;x;;
PROV3646;Harbin;;;;;;;;;x;;
PROV3647;Heligang;;;;;;;;;x;;
PROV3648;Kiamusze;;;;;;;;;x;;
PROV3649;Shuangyashan;;;;;;;;;x;;
PROV3650;Jixi;;;;;;;;;x;;
PROV3651;Yenki;;;;;;;;;x;;
PROV3652;Taonan;;;;;;;;;x;;
PROV3653;Ssupingkai;;;;;;;;;x;;
PROV3654;Tunghwa;;;;;;;;;x;;
PROV3655;Asahikawa;;;;;;;;;x;;
PROV3656;Chihfeng;;;;;;;;;x;;
PROV3657;Ulanqab;;;;;;;;;x;;
PROV3658;Ordos;;;;;;;;;x;;
PROV3659;Baotou;;;;;;;;;x;;
PROV3660;Bayannur;;;;;;;;;x;;
PROV3661;Tieling;;;;;;;;;x;;
PROV3662;Fushun;;;;;;;;;x;;
PROV3663;Benxi;;;;;;;;;x;;
PROV3664;Antung;;;;;;;;;x;;
PROV3665;Fuxin;;;;;;;;;x;;
PROV3666;Liaoyang;;;;;;;;;x;;
PROV3667;Anshan;;;;;;;;;x;;
PROV3668;Yingkow;;;;;;;;;x;;
PROV3669;Chaoyang;;;;;;;;;x;;
PROV3670;Artux;;;;;;;;;x;;
PROV3671;Kalgan;;;;;;;;;x;;
PROV3672;Paoting;;;;;;;;;x;;
PROV3673;Golog;;;;;;;;;x;;
PROV3674;Tsangchow;;;;;;;;;x;;
PROV3675;Hsingtai;;;;;;;;;x;;
PROV3676;Tehchow;;;;;;;;;x;;
PROV3677;Liaocheng;;;;;;;;;x;;
PROV3678;Tsining;;;;;;;;;x;;
PROV3679;Tsaochwang;;;;;;;;;x;;
PROV3680;Lianyungang;;;;;;;;;x;;
PROV3681;Yancheng;;;;;;;;;x;;
PROV3682;Huaibei;;;;;;;;;x;;
PROV3683;Bengbu;;;;;;;;;x;;
PROV3684;Huainan;;;;;;;;;x;;
PROV3685;Lu'an;;;;;;;;;x;;
PROV3686;Wuhu;;;;;;;;;x;;
PROV3687;Tongling;;;;;;;;;x;;
PROV3688;Xinyang;;;;;;;;;x;;
PROV3689;Xuchang;;;;;;;;;x;;
PROV3690;Pingdingshan;;;;;;;;;x;;
PROV3691;Hebi;;;;;;;;;x;;
PROV3692;Anyang;;;;;;;;;x;;
PROV3693;Jiaozuo;;;;;;;;;x;;
PROV3694;Xinxian;;;;;;;;;x;;
PROV3695;Yangquan;;;;;;;;;x;;
PROV3696;Otaru;;;;;;;;;x;;
PROV3697;Kitami;;;;;;;;;x;;
PROV3698;Yulin;;;;;;;;;x;;
PROV3699;Tongchuan;;;;;;;;;x;;
PROV3700;Weinan;;;;;;;;;x;;
PROV3701;Xianyang;;;;;;;;;x;;
PROV3702;Baoji;;;;;;;;;x;;
PROV3703;Ankang;;;;;;;;;x;;
PROV3704;Qingyang;;;;;;;;;x;;
PROV3705;Tianshui;;;;;;;;;x;;
PROV3706;Dingxi;;;;;;;;;x;;
PROV3707;Hezhou;;;;;;;;;x;;
PROV3708;Hezuo;;;;;;;;;x;;
PROV3709;Wuwei;;;;;;;;;x;;
PROV3710;Zhangye;;;;;;;;;x;;
PROV3711;Jiuquan;;;;;;;;;x;;
PROV3712;Shizuishan;;;;;;;;;x;;
PROV3713;Wuzhong;;;;;;;;;x;;
PROV3714;Guyuan;;;;;;;;;x;;
PROV3715;Shiyan;;;;;;;;;x;;
PROV3716;Enshi;;;;;;;;;x;;
PROV3717;Huangshi;;;;;;;;;x;;
PROV3718;Haidong;;;;;;;;;x;;
PROV3719;Neijiang;;;;;;;;;x;;
PROV3720;Tacheng;;;;;;;;;x;;
PROV3721;Zigong;;;;;;;;;x;;
PROV3722;Ya'an;;;;;;;;;x;;
PROV3723;Bole;;;;;;;;;x;;
PROV3724;Xichang;;;;;;;;;x;;
PROV3725;Dukou;;;;;;;;;x;;
PROV3726;Haibei;;;;;;;;;x;;
PROV3727;Huangnan;;;;;;;;;x;;
PROV3728;Fuling;;;;;;;;;x;;
PROV3729;Changji;;;;;;;;;x;;
PROV3730;Ningde;;;;;;;;;x;;
PROV3731;Jianyang;;;;;;;;;x;;
PROV3732;Amoy;;;;;;;;;x;;
PROV3733;Yichun;;;;;;;;;x;;
PROV3734;Pingxiang;;;;;;;;;x;;
PROV3735;Zhuzhou;;;;;;;;;x;;
PROV3736;Xiangtan;;;;;;;;;x;;
PROV3737;Hengyang;;;;;;;;;x;;
PROV3738;Turpan;;;;;;;;;x;;
PROV3739;Yiyang;;;;;;;;;x;;
PROV3740;Qianyang;;;;;;;;;x;;
PROV3741;Meizhou;;;;;;;;;x;;
PROV3742;Foshan;;;;;;;;;x;;
PROV3743;Jiangmen;;;;;;;;;x;;
PROV3744;Maoming;;;;;;;;;x;;
PROV3745;Qinzhou;;;;;;;;;x;;
PROV3746;Yulin;;;;;;;;;x;;
PROV3747;Obihiro;;;;;;;;;x;;
PROV3748;Hainan;;;;;;;;;x;;
PROV3749;Liuzhou;;;;;;;;;x;;
PROV3750;Tomakomai;;;;;;;;;x;;
PROV3751;Hechi;;;;;;;;;x;;
PROV3752;Baise;;;;;;;;;x;;
PROV3753;Tongren;;;;;;;;;x;;
PROV3754;Zunyi;;;;;;;;;x;;
PROV3755;Duyun;;;;;;;;;x;;
PROV3756;Xingyi;;;;;;;;;x;;
PROV3757;Bijie;;;;;;;;;x;;
PROV3758;Liupanshui;;;;;;;;;x;;
PROV3759;Wenshan;;;;;;;;;x;;
PROV3760;Mengzi;;;;;;;;;x;;
PROV3761;Yuxi;;;;;;;;;x;;
PROV3762;Jinghong;;;;;;;;;x;;
PROV3763;Qujing;;;;;;;;;x;;
PROV3764;Zhaotong;;;;;;;;;x;;
PROV3765;Chuxiong;;;;;;;;;x;;
PROV3766;Lijiang;;;;;;;;;x;;
PROV3767;Lushui;;;;;;;;;x;;
PROV3768;Baoshan;;;;;;;;;x;;
PROV3769;Mangshi;;;;;;;;;x;;
PROV3770;Shenzhen;;;;;;;;;x;;
PROV3771;Berettyoújfalu;;;;;;;;;x;;
PROV3772;Eger;;;;;;;;;x;;
PROV3773;Szolnok;;;;;;;;;x;;
PROV3774;Esztergom;;;;;;;;;x;;
PROV3775;Balassagyarmat;;;;;;;;;x;;
PROV3776;Nyíregyháza;;;;;;;;;x;;
PROV3777;Mátészalka;;;;;;;;;x;;
PROV3778;Szekszárd;;;;;;;;;x;;
PROV3779;Szombathely;;;;;;;;;x;;
PROV3780;Szikszö;;;;;;;;;x;;
PROV3781;Aydin;;;;;;;;;x;;
PROV3782;Dubbo;;;;;;;;;x;;
PROV3783;Albury;;;;;;;;;x;;
PROV3784;Hawkesbury;;;;;;;;;x;;
PROV3785;Wollongong;;;;;;;;;x;;
PROV3786;Canberra;;;;;;;;;x;;
PROV3787;Shepparton;;;;;;;;;x;;
PROV3788;Horsham;;;;;;;;;x;;
PROV3789;Launceston;;;;;;;;;x;;
PROV3790;Devonport;;;;;;;;;x;;
PROV3791;Scottsdale;;;;;;;;;x;;
PROV3792;Longford;;;;;;;;;x;;
PROV3793;Lismore;;;;;;;;;x;;
PROV3794;Arnhem Land;;;;;;;;;x;;
PROV3795;Port-aux-Français;;;;;;;;;x;;
PROV3796;Hertford;;;;;;;;;x;;
PROV3797;Huntingdon;;;;;;;;;x;;
PROV3798;Invercargill;;;;;;;;;x;;
PROV3799;Pinar del Río;;;;;;;;;x;;
PROV3800;Matanzas;;;;;;;;;x;;
PROV3801;Maracay;;;;;;;;;x;;
PROV3802;Valencia;;;;;;;;;x;;
PROV3803;San Carlos;;;;;;;;;x;;
PROV3804;Mérida;;;;;;;;;x;;
PROV3805;San Christóbal;;;;;;;;;x;;
PROV3806;San Fernando de Apure;;;;;;;;;x;;
PROV3807;Bucaramanga;;;;;;;;;x;;
PROV3808;Tulcán;;;;;;;;;x;;
PROV3809;Ibarra;;;;;;;;;x;;
PROV3810;Latacunga;;;;;;;;;x;;
PROV3811;Portoviejo;;;;;;;;;x;;
PROV3812;Ambato;;;;;;;;;x;;
PROV3813;Babahoyo;;;;;;;;;x;;
PROV3814;Guaranda;;;;;;;;;x;;
PROV3815;Riobamba;;;;;;;;;x;;
PROV3816;Azogues;;;;;;;;;x;;
PROV3817;Cuenca;;;;;;;;;x;;
PROV3818;Machala;;;;;;;;;x;;
PROV3819;Rancagua;;;;;;;;;x;;
PROV3820;San Fernando;;;;;;;;;x;;
PROV3821;Curicó;;;;;;;;;x;;
PROV3822;Linares;;;;;;;;;x;;
PROV3823;Concepción;;;;;;;;;x;;
PROV3824;Artigas;;;;;;;;;x;;
PROV3825;Treinta y Tres;;;;;;;;;x;;
PROV3826;Colonia del Sacramento  ;;;;;;;;;x;;
PROV3827;Durazno;;;;;;;;;x;;
PROV3828;Trinidad;;;;;;;;;x;;
PROV3829;Florida;;;;;;;;;x;;
PROV3830;Minas;;;;;;;;;x;;
PROV3831;Maldonado;;;;;;;;;x;;
PROV3832;Fray Bentos;;;;;;;;;x;;
PROV3833;Rivera;;;;;;;;;x;;
PROV3834;Rocha;;;;;;;;;x;;
PROV3835;Salto;;;;;;;;;x;;
PROV3836;San José de Mayo;;;;;;;;;x;;
PROV3837;Mercedes;;;;;;;;;x;;
PROV3838;Galle;;;;;;;;;x;;
PROV3839;Badulla;;;;;;;;;x;;
PROV3840;Ratnapura;;;;;;;;;x;;
PROV3841;Kurunegala;;;;;;;;;x;;
PROV3842;Anuradhapura;;;;;;;;;x;;
PROV3843;Tinnevelly;;;;;;;;;x;;
PROV3844;Ramnad;;;;;;;;;x;;
PROV3845;Pudukkottai;;;;;;;;;x;;
PROV3846;Trichinopoly;;;;;;;;;x;;
PROV3847;Cuddalore;;;;;;;;;x;;
PROV3848;Salem;;;;;;;;;x;;
PROV3849;Vellore;;;;;;;;;x;;
PROV3850;Chittoor;;;;;;;;;x;;
PROV3851;Ooty;;;;;;;;;x;;
PROV3852;Mercara;;;;;;;;;x;;
PROV3853;Hassan;;;;;;;;;x;;
PROV3854;Tumkur;;;;;;;;;x;;
PROV3855;Kolar;;;;;;;;;x;;
PROV3856;Kadur;;;;;;;;;x;;
PROV3857;Shimoga;;;;;;;;;x;;
PROV3858;Cuddapah;;;;;;;;;x;;
PROV3859;Anantapur;;;;;;;;;x;;
PROV3860;Bellary;;;;;;;;;x;;
PROV3861;Guntur;;;;;;;;;x;;
PROV3862;Cocanada;;;;;;;;;x;;
PROV3863;Jath;;;;;;;;;x;;
PROV3864;Chhatrapur;;;;;;;;;x;;
PROV3865;Raichur;;;;;;;;;x;;
PROV3866;Mehbubnagar;;;;;;;;;x;;
PROV3867;Medak;;;;;;;;;x;;
PROV3868;Nalgonda;;;;;;;;;x;;
PROV3869;Karimnagar;;;;;;;;;x;;
PROV3870;Adilabad;;;;;;;;;x;;
PROV3871;Nander;;;;;;;;;x;;
PROV3872;Bidar;;;;;;;;;x;;
PROV3873;Osmanabad;;;;;;;;;x;;
PROV3874;Bhir;;;;;;;;;x;;
PROV3875;Malabar;;;;;;;;;x;;
PROV3876;Carwar;;;;;;;;;x;;
PROV3877;Dharwar;;;;;;;;;x;;
PROV3878;Sangli;;;;;;;;;x;;
PROV3879;Savantvari;;;;;;;;;x;;
PROV3880;Ratnagiri;;;;;;;;;x;;
PROV3881;Satara;;;;;;;;;x;;
PROV3882;Sholapur;;;;;;;;;x;;
PROV3883;Kolaba;;;;;;;;;x;;
PROV3884;Ahmednagar;;;;;;;;;x;;
PROV3885;Dhule;;;;;;;;;x;;
PROV3886;Jalgaon;;;;;;;;;x;;
PROV3887;Murud;;;;;;;;;x;;
PROV3888;Buldana;;;;;;;;;x;;
PROV3889;Akola;;;;;;;;;x;;
PROV3890;Yeotmal;;;;;;;;;x;;
PROV3891;Wardha;;;;;;;;;x;;
PROV3892;Chanda;;;;;;;;;x;;
PROV3893;Khandwa;;;;;;;;;x;;
PROV3894;Narsinghpur;;;;;;;;;x;;
PROV3895;Betul;;;;;;;;;x;;
PROV3896;Chhindwara;;;;;;;;;x;;
PROV3897;Seoni;;;;;;;;;x;;
PROV3898;Bhandara;;;;;;;;;x;;
PROV3899;Balaghat;;;;;;;;;x;;
PROV3900;Drug;;;;;;;;;x;;
PROV3901;Mandla;;;;;;;;;x;;
PROV3902;Kanker;;;;;;;;;x;;
PROV3903;Khairagarh ;;;;;;;;;x;;
PROV3904;Damoh;;;;;;;;;x;;
PROV3905;Saugor;;;;;;;;;x;;
PROV3906;Baglung;;;;;;;;;x;;
PROV3907;Tribhuvannagar;;;;;;;;;x;;
PROV3908;Muzaffarabad;;;;;;;;;x;;
PROV3909;Jashpur;;;;;;;;;x;;
PROV3910;Ambikapur;;;;;;;;;x;;
PROV3911;Baikunthpur;;;;;;;;;x;;
PROV3912;Baramulla;;;;;;;;;x;;
PROV3913;Bhawanipatna;;;;;;;;;x;;
PROV3914;Balangir;;;;;;;;;x;;
PROV3915;Sonepur;;;;;;;;;x;;
PROV3916;Jammu;;;;;;;;;x;;
PROV3917;Angul;;;;;;;;;x;;
PROV3918;Kathua;;;;;;;;;x;;
PROV3919;Udhampur;;;;;;;;;x;;
PROV3920;Gangpur;;;;;;;;;x;;
PROV3921;Mirpur;;;;;;;;;x;;
PROV3922;Reasi;;;;;;;;;x;;
PROV3923;Nayagarh;;;;;;;;;x;;
PROV3924;Poonch;;;;;;;;;x;;
PROV3925;Puri;;;;;;;;;x;;
PROV3926;Balasore;;;;;;;;;x;;
PROV3927;Dhenkanal;;;;;;;;;x;;
PROV3928;Baripada;;;;;;;;;x;;
PROV3929;Midnapore;;;;;;;;;x;;
PROV3930;Hooghly;;;;;;;;;x;;
PROV3931;Alipore;;;;;;;;;x;;
PROV3932;Nadia;;;;;;;;;x;;
PROV3933;Bankura;;;;;;;;;x;;
PROV3934;Suri;;;;;;;;;x;;
PROV3935;Murshidabad;;;;;;;;;x;;
PROV3936;Malda;;;;;;;;;x;;
PROV3937;Dinajpur;;;;;;;;;x;;
PROV3938;Jalpaiguri;;;;;;;;;x;;
PROV3939;Cooch Behar;;;;;;;;;x;;
PROV3940;Khulina;;;;;;;;;x;;
PROV3941;Fardipur;;;;;;;;;x;;
PROV3942;Bakarganj;;;;;;;;;x;;
PROV3943;Noakhali;;;;;;;;;x;;
PROV3944;Jhatpat;;;;;;;;;x;;
PROV3945;Tippera;;;;;;;;;x;;
PROV3946;Mymensingh;;;;;;;;;x;;
PROV3947;Bogra;;;;;;;;;x;;
PROV3948;Rangpur;;;;;;;;;x;;
PROV3949;Rangamati;;;;;;;;;x;;
PROV3950;Sylhet;;;;;;;;;x;;
PROV3951;Aizawl ;;;;;;;;;x;;
PROV3952;Goalpara;;;;;;;;;x;;
PROV3953;Tura;;;;;;;;;x;;
PROV3954;Nepalgunj;;;;;;;;;x;;
PROV3955;Shillong;;;;;;;;;x;;
PROV3956;Silchar;;;;;;;;;x;;
PROV3957;Nowgong;;;;;;;;;x;;
PROV3958;Mangaldoi;;;;;;;;;x;;
PROV3959;Sibsagar;;;;;;;;;x;;
PROV3960;Kohima;;;;;;;;;x;;
PROV3961;Pokhara;;;;;;;;;x;;
PROV3962;Birgunj;;;;;;;;;x;;
PROV3963;Tezu;;;;;;;;;x;;
PROV3964;Ranchi;;;;;;;;;x;;
PROV3965;Manbhum;;;;;;;;;x;;
PROV3966;Medininagar;;;;;;;;;x;;
PROV3966;Medininagar;;;;;;;;;x;;
PROV3967;Hazaribagh;;;;;;;;;x;;
PROV3968;Shahabad;;;;;;;;;x;;
PROV3969;Monghyr;;;;;;;;;x;;
PROV3970;Dumka;;;;;;;;;x;;
PROV3971;Purnea;;;;;;;;;x;;
PROV3972;Darbhanga;;;;;;;;;x;;
PROV3973;Muzaffarpur;;;;;;;;;x;;
PROV3974;Chhapra;;;;;;;;;x;;
PROV3975;Bettiah;;;;;;;;;x;;
PROV3976;Panna;;;;;;;;;x;;
PROV3977;Ajaigarh;;;;;;;;;x;;
PROV3978;Janakpur;;;;;;;;;x;;
PROV3979;Butwal;;;;;;;;;x;;
PROV3980;Orchha;;;;;;;;;x;;
PROV3981;Mirzapur;;;;;;;;;x;;
PROV3982;Mahendranagar;;;;;;;;;x;;
PROV3983;Ghazipur;;;;;;;;;x;;
PROV3984;Ballia;;;;;;;;;x;;
PROV3985;Jaunpur;;;;;;;;;x;;
PROV3986;Azamgarh;;;;;;;;;x;;
PROV3987;Basti;;;;;;;;;x;;
PROV3988;Sultanpur;;;;;;;;;x;;
PROV3989;Partabgarh;;;;;;;;;x;;
PROV3990;Banda;;;;;;;;;x;;
PROV3991;Fatehpur;;;;;;;;;x;;
PROV3992;Hamirpur;;;;;;;;;x;;
PROV3993;Jalaun;;;;;;;;;x;;
PROV3994;Jhansi;;;;;;;;;x;;
PROV3995;Rae Bareli;;;;;;;;;x;;
PROV3996;Unao;;;;;;;;;x;;
PROV3997;Barabanki;;;;;;;;;x;;
PROV3998;Gonda;;;;;;;;;x;;
PROV3999;Bahraich;;;;;;;;;x;;
PROV4000;Sitapur;;;;;;;;;x;;
PROV4001;Kheri;;;;;;;;;x;;
PROV4002;Hardoi;;;;;;;;;x;;
PROV4003;Farrukhabad;;;;;;;;;x;;
PROV4004;Etawah;;;;;;;;;x;;
PROV4005;Mainpuri;;;;;;;;;x;;
PROV4006;Etah;;;;;;;;;x;;
PROV4007;Muttra;;;;;;;;;x;;
PROV4008;Aligarh;;;;;;;;;x;;
PROV4009;Bulandshahr;;;;;;;;;x;;
PROV4010;Budaun;;;;;;;;;x;;
PROV4011;Shahjahanpur;;;;;;;;;x;;
PROV4012;Pilibhit;;;;;;;;;x;;
PROV4013;Bareilly;;;;;;;;;x;;
PROV4014;Rampur;;;;;;;;;x;;
PROV4015;Moradabad;;;;;;;;;x;;
PROV4016;Muzaffarnagar;;;;;;;;;x;;
PROV4017;Bijnor;;;;;;;;;x;;
PROV4018;Nainital;;;;;;;;;x;;
PROV4019;Almora;;;;;;;;;x;;
PROV4020;Pauri;;;;;;;;;x;;
PROV4021;Saharanpur;;;;;;;;;x;;
PROV4022;Tehri;;;;;;;;;x;;
PROV4023;Bhind;;;;;;;;;x;;
PROV4024;Bhilsa;;;;;;;;;x;;
PROV4025;Tonwarghar;;;;;;;;;x;;
PROV4026;Sheopur;;;;;;;;;x;;
PROV4027;Narwar;;;;;;;;;x;;
PROV4028;Isagarh;;;;;;;;;x;;
PROV4029;Shajapur;;;;;;;;;x;;
PROV4030;Ujjain;;;;;;;;;x;;
PROV4031;Amjhera;;;;;;;;;x;;
PROV4032;Mandsaur;;;;;;;;;x;;
PROV4033;Datia;;;;;;;;;x;;
PROV4034;Rajgarh;;;;;;;;;x;;
PROV4035;Rampura;;;;;;;;;x;;
PROV4036;Dewas;;;;;;;;;x;;
PROV4037;Dhar;;;;;;;;;x;;
PROV4038;Barwani;;;;;;;;;x;;
PROV4039;Alirajpur;;;;;;;;;x;;
PROV4040;Jhabua;;;;;;;;;x;;
PROV4041;Ratlam;;;;;;;;;x;;
PROV4042;Dungarpur;;;;;;;;;x;;
PROV4043;Banswara;;;;;;;;;x;;
PROV4044;Partabgarh;;;;;;;;;x;;
PROV4045;Tonk;;;;;;;;;x;;
PROV4046;Sirohi;;;;;;;;;x;;
PROV4047;Jhalawar;;;;;;;;;x;;
PROV4048;Kotah;;;;;;;;;x;;
PROV4049;Bundi;;;;;;;;;x;;
PROV4050;Kishangarh;;;;;;;;;x;;
PROV4051;Karauli;;;;;;;;;x;;
PROV4052;Dholpur;;;;;;;;;x;;
PROV4053;Bharatpur;;;;;;;;;x;;
PROV4054;Alwar;;;;;;;;;x;;
PROV4055;Dharampur;;;;;;;;;x;;
PROV4056;Navsari;;;;;;;;;x;;
PROV4057;Dhangadhi;;;;;;;;;x;;
PROV4058;Biratnagar;;;;;;;;;x;;
PROV4059;Baria;;;;;;;;;x;;
PROV4060;Rajbiraj;;;;;;;;;x;;
PROV4061;Broach;;;;;;;;;x;;
PROV4062;Godhra;;;;;;;;;x;;
PROV4063;Nadiad;;;;;;;;;x;;
PROV4064;Idar;;;;;;;;;x;;
PROV4065;Palanpur;;;;;;;;;x;;
PROV4066;Damak;;;;;;;;;x;;
PROV4067;Amreli;;;;;;;;;x;;
PROV4068;Bhavnagar;;;;;;;;;x;;
PROV4069;Porbandar;;;;;;;;;x;;
PROV4070;Estevan;;;;;;;;;x;;
PROV4071;Yorkton;;;;;;;;;x;;
PROV4072;Weyburn;;;;;;;;;x;;
PROV4073;Melville;;;;;;;;;x;;
PROV4074;Melfort;;;;;;;;;x;;
PROV4075;Limbdi;;;;;;;;;x;;
PROV4076;Hyderabad;;;;;;;;;x;;
PROV4077;Nawabshah;;;;;;;;;x;;
PROV4078;Wynyard;;;;;;;;;x;;
PROV4079;Khairpur;;;;;;;;;x;;
PROV4080;Larkana;;;;;;;;;x;;
PROV4081;Jacobabad;;;;;;;;;x;;
PROV4082;Kharan;;;;;;;;;x;;
PROV4083;Turbat;;;;;;;;;x;;
PROV4084;Sibi;;;;;;;;;x;;
PROV4085;Loralai;;;;;;;;;x;;
PROV4086;Zhob;;;;;;;;;x;;
PROV4087;Dera Ghazi Khan;;;;;;;;;x;;
PROV4088;Muzaffargarh;;;;;;;;;x;; 
PROV4089;Dera Ismail Khan;;;;;;;;;x;;
PROV4090;Bannu;;;;;;;;;x;;
PROV4091;North Battleford;;;;;;;;;x;;
PROV4092;Kohat;;;;;;;;;x;;
PROV4093;Wilkie;;;;;;;;;x;;
PROV4094;Hazara;;;;;;;;;x;;
PROV4095;Lloydminster;;;;;;;;;x;;
PROV4096;Swat;;;;;;;;;x;;
PROV4097;Dir;;;;;;;;;x;;
PROV4098;Mianwali;;;;;;;;;x;;
PROV4099;Jhang;;;;;;;;;x;;
PROV4100;Jhelum;;;;;;;;;x;;
PROV4101;Rawalpindi;;;;;;;;;x;;
PROV4102;Gujrat;;;;;;;;;x;;
PROV4103;Gujranwala;;;;;;;;;x;;
PROV4104;Lyallpur;;;;;;;;;x;;
PROV4105;Montgomery;;;;;;;;;x;;
PROV4106;Gurgaon;;;;;;;;;x;;
PROV4107;Rohtak;;;;;;;;;x;;
PROV4108;Hissar;;;;;;;;;x;;
PROV4109;Jind;;;;;;;;;x;;
PROV4110;Narwar;;;;;;;;;x;;
PROV4111;Nabha;;;;;;;;;x;;
PROV4112;Ludhiana;;;;;;;;;x;;
PROV4113;Ambala;;;;;;;;;x;;
PROV4114;Jullundur;;;;;;;;;x;;
PROV4115;Hoshiarpur;;;;;;;;;x;;
PROV4116;Dharamshala;;;;;;;;;x;;
PROV4117;Gurdaspur;;;;;;;;;x;;
PROV4118;Chamba;;;;;;;;;x;;
PROV4119;Sheikhupura;;;;;;;;;x;;
PROV4120;Bushahr;;;;;;;;;x;;
PROV4121;Nahan;;;;;;;;;x;;
PROV4122;Mandi;;;;;;;;;x;;
PROV4123;Swan River;;;;;;;;;x;;
PROV4124;Russel;;;;;;;;;x;;
PROV4125;Minnedosa;;;;;;;;;x;;
PROV4126;Neepawa;;;;;;;;;x;;
PROV4127;Gimli;;;;;;;;;x;;
PROV4128;Beausejour;;;;;;;;;x;;
PROV4129;Selkirk;;;;;;;;;x;;
PROV4130;Morris;;;;;;;;;x;;
PROV4131;Virden;;;;;;;;;x;;
PROV4132;Woodstock;;;;;;;;;x;;
PROV4133;Bracebridge;;;;;;;;;x;;
PROV4134;London;;;;;;;;;x;;
PROV4135;L'Orignal;;;;;;;;;x;;
PROV4136;Brantford;;;;;;;;;x;;
PROV4137;Pembroke;;;;;;;;;x;;
PROV4138;Peterborough;;;;;;;;;x;;
PROV4139;Belleville;;;;;;;;;x;;
PROV4140;Kitchener;;;;;;;;;x;;
PROV4141;Oshawa;;;;;;;;;x;;
PROV4142;Lindsay;;;;;;;;;x;;
PROV4143;Cornwall;;;;;;;;;x;;
PROV4144;Brockville;;;;;;;;;x;;
PROV4145;Brampton;;;;;;;;;x;;
PROV4146;Saint Thomas;;;;;;;;;x;;
PROV4147;St. Catharines;;;;;;;;;x;;
PROV4148;Goderich;;;;;;;;;x;;
PROV4149;Joliette;;;;;;;;;x;;
PROV4150;Hull;;;;;;;;;x;;
PROV4151;Salaberry;;;;;;;;;x;;
PROV4152;Vaudreuil;;;;;;;;;x;;
PROV4153;Rivière-du-Loup;;;;;;;;;x;;
PROV4154;Saint-Georges;;;;;;;;;x;;
PROV4155;Thetford Mines;;;;;;;;;x;;
PROV4156;Marieville;;;;;;;;;x;;
PROV4157;Saint-Hyacinthe;;;;;;;;;x;;
PROV4158;Drummondville;;;;;;;;;x;;
PROV4159;Saint-Jean;;;;;;;;;x;;
PROV4160;Longueuil;;;;;;;;;x;;
PROV4161;Saint-Jérôme;;;;;;;;;x;;
PROV4162;Lévis;;;;;;;;;x;;
PROV4163;Kentville;;;;;;;;;x;;
PROV4164;Killarney;;;;;;;;;x;;
PROV4165;Yarmouth;;;;;;;;;x;;
PROV4166;Sydney;;;;;;;;;x;;
PROV4167;Miramichi;;;;;;;;;x;;
PROV4168;Pictou;;;;;;;;;x;;
PROV4169;Moncton;;;;;;;;;x;;
PROV4170;Edmundston;;;;;;;;;x;;
PROV4171;Digby;;;;;;;;;x;;
PROV4172;Lunenburg;;;;;;;;;x;;
PROV4173;Charlottetown;;;;;;;;;x;;
PROV4174;Saint John;;;;;;;;;x;;
PROV4175;Bonavista;;;;;;;;;x;;
PROV4176;St. Anthony;;;;;;;;;x;;
PROV4177;Springdale;;;;;;;;;x;;
PROV4178;Channel-Port aux Basques;;;;;;;;;x;;
PROV4179;Burin;;;;;;;;;x;;
PROV4180;Tacoma;;;;;;;;;x;;
PROV4181;Shelton;;;;;;;;;x;;
PROV4182;Chehalis;;;;;;;;;x;;
PROV4183;Kelso;;;;;;;;;x;;
PROV4184;Vancouver;;;;;;;;;x;;
PROV4185;Wenatchee;;;;;;;;;x;;
PROV4186;Yakima;;;;;;;;;x;;
PROV4187;Ephrata;;;;;;;;;x;;
PROV4188;Pasco;;;;;;;;;x;;
PROV4189;Astoria;;;;;;;;;x;;
PROV4190;McMinnville;;;;;;;;;x;;
PROV4191;Salem;;;;;;;;;x;;
PROV4192;Newport;;;;;;;;;x;;
PROV4193;Corvallis;;;;;;;;;x;;
PROV4194;Eugene;;;;;;;;;x;;
PROV4195;Coquille;;;;;;;;;x;;
PROV4196;Medford;;;;;;;;;x;;
PROV4197;The Dalles;;;;;;;;;x;;
PROV4198;Pendleton;;;;;;;;;x;;
PROV4199;Susanville;;;;;;;;;x;;
PROV4200;Ukiah;;;;;;;;;x;;
PROV4201;Red Bluff;;;;;;;;;x;;
PROV4202;Woodland;;;;;;;;;x;;
PROV4203;Napa;;;;;;;;;x;;
PROV4204;Yuba City;;;;;;;;;x;;
PROV4205;Nevada City;;;;;;;;;x;;
PROV4206;Auburn;;;;;;;;;x;;
PROV4207;Santa Rosa;;;;;;;;;x;;
PROV4208;Oakland;;;;;;;;;x;;
PROV4209;Jackson;;;;;;;;;x;;
PROV4210;Sonora;;;;;;;;;x;;
PROV4211;Merced;;;;;;;;;x;;
PROV4212;Fresno;;;;;;;;;x;;
PROV4213;Independence;;;;;;;;;x;;
PROV4214;Ventura;;;;;;;;;x;;
PROV4215;Moscow;;;;;;;;;x;;
PROV4216;Lewiston;;;;;;;;;x;;
PROV4217;Grangeville;;;;;;;;;x;;
PROV4218;Emmett;;;;;;;;;x;;
PROV4219;Mountain Home;;;;;;;;;x;;
PROV4220;Twin Falls;;;;;;;;;x;;
PROV4221;Hailey;;;;;;;;;x;;
PROV4222;Salmon;;;;;;;;;x;;
PROV4223;Rigby;;;;;;;;;x;;
PROV4224;Idaho Falls;;;;;;;;;x;;
PROV4225;Preston;;;;;;;;;x;;
PROV4226;Reno;;;;;;;;;x;;
PROV4227;Fallon;;;;;;;;;x;;
PROV4228;Hawthorne;;;;;;;;;x;;
PROV4229;Logan;;;;;;;;;x;;
PROV4230;Ogden;;;;;;;;;x;;
PROV4231;Provo;;;;;;;;;x;;
PROV4232;Vernal;;;;;;;;;x;;
PROV4233;Price;;;;;;;;;x;;
PROV4234;Parowan;;;;;;;;;x;;
PROV4235;St. George;;;;;;;;;x;;
PROV4236;Safford;;;;;;;;;x;;
PROV4237;Prescott;;;;;;;;;x;;
PROV4238;Deming;;;;;;;;;x;;
PROV4239;Alamogordo;;;;;;;;;x;;
PROV4240;Roswell;;;;;;;;;x;;
PROV4241;Las Vegas;;;;;;;;;x;;
PROV4242;Clovis;;;;;;;;;x;;
PROV4243;Raton;;;;;;;;;x;;
PROV4244;Durango;;;;;;;;;x;;
PROV4245;Telluride;;;;;;;;;x;;
PROV4246;Silverton;;;;;;;;;x;;
PROV4247;Gunnison;;;;;;;;;x;;
PROV4248;Trinidad;;;;;;;;;x;;
PROV4249;Lamar;;;;;;;;;x;;
PROV4250;Burlington;;;;;;;;;x;;
PROV4251;Ordway;;;;;;;;;x;;
PROV4252;Salida;;;;;;;;;x;;
PROV4253;Colorado Springs;;;;;;;;;x;;
PROV4254;Craig;;;;;;;;;x;;
PROV4255;Aspen;;;;;;;;;x;;
PROV4256;Boulder;;;;;;;;;x;;
PROV4257;Steamboat Springs;;;;;;;;;x;;
PROV4258;Fort Collins;;;;;;;;;x;;
PROV4259;Sterling;;;;;;;;;x;;
PROV4260;Lander;;;;;;;;;x;;
PROV4261;Laramie;;;;;;;;;x;;
PROV4262;Gillette;;;;;;;;;x;;
PROV4263;Evanston;;;;;;;;;x;;
PROV4264;Kalispell;;;;;;;;;x;;
PROV4265;Anaconda;;;;;;;;;x;;
PROV4266;Butte;;;;;;;;;x;;
PROV4267;Lewistown;;;;;;;;;x;;
PROV4268;Livingston;;;;;;;;;x;;
PROV4269;Miles City;;;;;;;;;x;;
PROV4270;Baker;;;;;;;;;x;;
PROV4271;Glendive;;;;;;;;;x;;
PROV4272;Wolf Point;;;;;;;;;x;;
PROV4273;Glasgow;;;;;;;;;x;;
PROV4274;Malta;;;;;;;;;x;;
PROV4275;Havre;;;;;;;;;x;;
PROV4276;Shelby;;;;;;;;;x;;
PROV4277;Heppner;;;;;;;;;x;;
PROV4278;Prineville;;;;;;;;;x;;
PROV4279;Williston;;;;;;;;;x;;
PROV4280;Watford City;;;;;;;;;x;;
PROV4281;Mandan;;;;;;;;;x;;
PROV4282;Bowman;;;;;;;;;x;;
PROV4283;Rugby;;;;;;;;;x;;
PROV4284;Devils Lake;;;;;;;;;x;;
PROV4285;Grand Forks;;;;;;;;;x;;
PROV4286;Jamestown;;;;;;;;;x;;
PROV4287;Fargo;;;;;;;;;x;;
PROV4288;Lisbon;;;;;;;;;x;;
PROV4289;Linton;;;;;;;;;x;;
PROV4290;Belle Fourche;;;;;;;;;x;;
PROV4291;Fort Pierre;;;;;;;;;x;;
PROV4292;Hot Springs;;;;;;;;;x;;
PROV4293;Winner;;;;;;;;;x;;
PROV4294;Ipswich;;;;;;;;;x;;
PROV4295;Aberdeen;;;;;;;;;x;;
PROV4296;Pierre;;;;;;;;;x;;
PROV4297;Huron;;;;;;;;;x;;
PROV4298;Watertown;;;;;;;;;x;;
PROV4299;Brookings;;;;;;;;;x;;
PROV4300;Chamberlain;;;;;;;;;x;;
PROV4301;Mitchell;;;;;;;;;x;;
PROV4302;Tyndall;;;;;;;;;x;;
PROV4303;Yankton;;;;;;;;;x;;
PROV4304;Scotts Bluff;;;;;;;;;x;;
PROV4305;Bridgeport;;;;;;;;;x;;
PROV4306;Valentine;;;;;;;;;x;;
PROV4307;Ogallala;;;;;;;;;x;;
PROV4308;McCook;;;;;;;;;x;;
PROV4309;Holdrege;;;;;;;;;x;;
PROV4310;Ainsworth;;;;;;;;;x;;
PROV4311;O'Neill;;;;;;;;;x;;
PROV4312;Kearney;;;;;;;;;x;;
PROV4313;Pierce;;;;;;;;;x;;
PROV4314;Dakota City;;;;;;;;;x;;
PROV4315;Columbus;;;;;;;;;x;;
PROV4316;Fremont;;;;;;;;;x;;
PROV4317;Grand Island;;;;;;;;;x;;
PROV4318;Hastings;;;;;;;;;x;;
PROV4319;Geneva;;;;;;;;;x;;
PROV4320;York;;;;;;;;;x;;
PROV4321;Beatrice;;;;;;;;;x;;
PROV4322;Lincoln;;;;;;;;;x;;
PROV4323;Falls City;;;;;;;;;x;;
PROV4324;Oakley;;;;;;;;;x;;
PROV4325;Norton;;;;;;;;;x;;
PROV4326;Phillipsburg;;;;;;;;;x;;
PROV4327;Concordia;;;;;;;;;x;;
PROV4328;Scott City;;;;;;;;;x;;
PROV4329;Hays;;;;;;;;;x;;
PROV4330;Salina;;;;;;;;;x;;
PROV4331;Garden City;;;;;;;;;x;;
PROV4332;Liberal;;;;;;;;;x;;
PROV4333;Dodge City;;;;;;;;;x;;
PROV4334;Great Bend;;;;;;;;;x;;
PROV4335;Kingman;;;;;;;;;x;;
PROV4336;Hutchinson;;;;;;;;;x;;
PROV4337;Winfield;;;;;;;;;x;;
PROV4338;Newton;;;;;;;;;x;;
PROV4339;Eureka;;;;;;;;;x;;
PROV4340;Girard;;;;;;;;;x;;
PROV4341;Pleasanton;;;;;;;;;x;;
PROV4342;Lyndon;;;;;;;;;x;;
PROV4343;Manhattan;;;;;;;;;x;;
PROV4344;Westmoreland;;;;;;;;;x;;
PROV4345;Atchison;;;;;;;;;x;;
PROV4346;Olathe;;;;;;;;;x;;
PROV4347;Guymon;;;;;;;;;x;;
PROV4348;Newkirk;;;;;;;;;x;;
PROV4349;Woodward;;;;;;;;;x;;
PROV4350;Weatherford;;;;;;;;;x;;
PROV4351;Altus;;;;;;;;;x;;
PROV4352;Lawton;;;;;;;;;x;;
PROV4353;Enid;;;;;;;;;x;;
PROV4354;Stillwater;;;;;;;;;x;;
PROV4355;Chickasha;;;;;;;;;x;;
PROV4356;Ardmore;;;;;;;;;x;;
PROV4357;Tulsa;;;;;;;;;x;;
PROV4358;Claremore;;;;;;;;;x;;
PROV4359;Sapulpa;;;;;;;;;x;;
PROV4360;McAlester;;;;;;;;;x;;
PROV4361;Ada;;;;;;;;;x;;
PROV4362;Durant;;;;;;;;;x;;
PROV4363;Dumas;;;;;;;;;x;;
PROV4364;Perryton;;;;;;;;;x;;
PROV4365;Amarillo;;;;;;;;;x;;
PROV4366;Borger;;;;;;;;;x;;
PROV4367;Claude;;;;;;;;;x;;
PROV4368;Littlefield;;;;;;;;;x;;
PROV4369;Plainview;;;;;;;;;x;;
PROV4370;Childress;;;;;;;;;x;;
PROV4371;Levelland;;;;;;;;;x;;
PROV4372;Spur;;;;;;;;;x;;
PROV4373;Andrews;;;;;;;;;x;;
PROV4374;Big Spring;;;;;;;;;x;;
PROV4375;Abilene;;;;;;;;;x;;
PROV4376;Fort Stockton;;;;;;;;;x;;
PROV4377;Odessa;;;;;;;;;x;;
PROV4378;Midland;;;;;;;;;x;;
PROV4379;Garden City;;;;;;;;;x;;
PROV4380;Del Rio;;;;;;;;;x;;
PROV4381;San Angelo;;;;;;;;;x;;
PROV4382;Junction;;;;;;;;;x;;
PROV4383;Haskell;;;;;;;;;x;;
PROV4384;Wichita Falls;;;;;;;;;x;;
PROV4385;Henrietta;;;;;;;;;x;;
PROV4386;Denton;;;;;;;;;x;;
PROV4387;Sherman;;;;;;;;;x;;
PROV4388;Texarkana;;;;;;;;;x;;
PROV4389;Sulphur Springs;;;;;;;;;x;;
PROV4390;Gladewater;;;;;;;;;x;;
PROV4391;Clyde;;;;;;;;;x;;
PROV4392;Fort Worth;;;;;;;;;x;;
PROV4393;Stephenville;;;;;;;;;x;;
PROV4394;Brownwood;;;;;;;;;x;;
PROV4395;Brady;;;;;;;;;x;;
PROV4396;Copperas Cove;;;;;;;;;x;;
PROV4397;Longview;;;;;;;;;x;;
PROV4398;Waco;;;;;;;;;x;;
PROV4399;Tyler;;;;;;;;;x;;
PROV4400;Kerrville;;;;;;;;;x;;
PROV4401;Uvalde;;;;;;;;;x;;
PROV4402;Pearsall;;;;;;;;;x;;
PROV4403;McAllen;;;;;;;;;x;;
PROV4404;Brownsville;;;;;;;;;x;;
PROV4405;Corpus Christi;;;;;;;;;x;;
PROV4406;Portland;;;;;;;;;x;;
PROV4407;Victoria;;;;;;;;;x;;
PROV4408;Bay City;;;;;;;;;x;;
PROV4409;Killeen;;;;;;;;;x;;
PROV4410;Mexia;;;;;;;;;x;;
PROV4411;Brenham;;;;;;;;;x;;
PROV4412;Gonzales;;;;;;;;;x;;
PROV4413;College Station;;;;;;;;;x;;
PROV4414;Palestine;;;;;;;;;x;;
PROV4415;Nacogdoches;;;;;;;;;x;;
PROV4416;Newton;;;;;;;;;x;;
PROV4417;The Woodlands;;;;;;;;;x;;
PROV4418;Beaumont;;;;;;;;;x;;
PROV4419;Lafayette;;;;;;;;;x;;
PROV4420;Houma;;;;;;;;;x;;
PROV4421;Amite City;;;;;;;;;x;;
PROV4422;Plaquemine;;;;;;;;;x;;
PROV4423;Opelousas;;;;;;;;;x;;
PROV4424;Alexandria;;;;;;;;;x;;
PROV4425;Natchitoches;;;;;;;;;x;;
PROV4426;Vidalia;;;;;;;;;x;;
PROV4427;Tallulah;;;;;;;;;x;;
PROV4428;Monroe;;;;;;;;;x;;
PROV4429;Winnfield;;;;;;;;;x;;
PROV4430;Ruston;;;;;;;;;x;;
PROV4431;Monticello;;;;;;;;;x;;
PROV4432;El Dorado;;;;;;;;;x;;
PROV4433;Magnolia;;;;;;;;;x;;
PROV4434;Hope;;;;;;;;;x;;
PROV4435;Arkadelphia;;;;;;;;;x;;
PROV4436;Pine Bluff;;;;;;;;;x;;
PROV4437;Forrest City;;;;;;;;;x;;
PROV4438;Blytheville;;;;;;;;;x;;
PROV4439;Searcy;;;;;;;;;x;;
PROV4440;Jonesboro;;;;;;;;;x;;
PROV4441;Walnut Ridge;;;;;;;;;x;;
PROV4442;Batesville;;;;;;;;;x;;
PROV4443;Mountain Home;;;;;;;;;x;;
PROV4444;Harrison;;;;;;;;;x;;
PROV4445;Fort Smith;;;;;;;;;x;;
PROV4446;Russelville;;;;;;;;;x;;
PROV4447;Cape Girardeau;;;;;;;;;x;;
PROV4448;Farmington;;;;;;;;;x;;
PROV4449;Poplar Bluff;;;;;;;;;x;;
PROV4450;Potosi;;;;;;;;;x;;
PROV4451;West Plains;;;;;;;;;x;;
PROV4452;Branson;;;;;;;;;x;;
PROV4453;Rolla;;;;;;;;;x;;
PROV4454;Lebanon;;;;;;;;;x;;
PROV4455;Springfield;;;;;;;;;x;;
PROV4456;Monett;;;;;;;;;x;;
PROV4457;Butler;;;;;;;;;x;;
PROV4458;Sedalia;;;;;;;;;x;;
PROV4459;Fulton;;;;;;;;;x;;
PROV4460;Washington;;;;;;;;;x;;
PROV4461;Columbia;;;;;;;;;x;;
PROV4462;Hannibal;;;;;;;;;x;;
PROV4463;Canton;;;;;;;;;x;;
PROV4464;Moberly;;;;;;;;;x;;
PROV4465;Kirksville;;;;;;;;;x;;
PROV4466;Marshall;;;;;;;;;x;;
PROV4467;St. Joseph;;;;;;;;;x;;
PROV4468;Hamilton;;;;;;;;;x;;
PROV4469;Bethany;;;;;;;;;x;;
PROV4470;Maryville;;;;;;;;;x;;
PROV4471;Burlington;;;;;;;;;x;;
PROV4472;Ottumwa;;;;;;;;;x;;
PROV4473;Pella;;;;;;;;;x;;
PROV4474;Indianola;;;;;;;;;x;;
PROV4475;Red Oak;;;;;;;;;x;;
PROV4476;Council Bluffs;;;;;;;;;x;;
PROV4477;Missouri Valley;;;;;;;;;x;;
PROV4478;Ames;;;;;;;;;x;;
PROV4479;Fort Dodge;;;;;;;;;x;;
PROV4480;Sioux Center;;;;;;;;;x;;
PROV4481;Storm Lake;;;;;;;;;x;;
PROV4482;Spencer;;;;;;;;;x;;
PROV4483;Winterset;;;;;;;;;x;;
PROV4484;Mason City;;;;;;;;;x;;
PROV4485;Iowa Falls;;;;;;;;;x;;
PROV4486;Algona;;;;;;;;;x;;
PROV4487;Decorah;;;;;;;;;x;;
PROV4488;Dubuque;;;;;;;;;x;;
PROV4489;Waterloo;;;;;;;;;x;;
PROV4490;Iowa City;;;;;;;;;x;;
PROV4491;Davenport;;;;;;;;;x;;
PROV4492;Rochester;;;;;;;;;x;;
PROV4493;Owatonna;;;;;;;;;x;;
PROV4494;Faribault;;;;;;;;;x;;
PROV4495;Mankato;;;;;;;;;x;;
PROV4496;Fairmont;;;;;;;;;x;;
PROV4497;Worthington;;;;;;;;;x;;
PROV4498;Hutchinson;;;;;;;;;x;;
PROV4499;St. Cloud;;;;;;;;;x;;
PROV4500;Willmar;;;;;;;;;x;;
PROV4501;Saint Paul;;;;;;;;;x;;
PROV4502;Cambridge;;;;;;;;;x;;
PROV4503;Elk River;;;;;;;;;x;;
PROV4504;Alexandria;;;;;;;;;x;;
PROV4505;Fergus Falls;;;;;;;;;x;;
PROV4506;Walker;;;;;;;;;x;;
PROV4507;Thief River Falls;;;;;;;;;x;;
PROV4508;Crookston;;;;;;;;;x;;
PROV4509;Bemidji;;;;;;;;;x;;
PROV4510;Platteville;;;;;;;;;x;;
PROV4511;Baraboo;;;;;;;;;x;;
PROV4512;Beaver Dam;;;;;;;;;x;;
PROV4513;Sheboygan;;;;;;;;;x;;
PROV4514;Marshfield;;;;;;;;;x;;
PROV4515;Appleton;;;;;;;;;x;;
PROV4516;Marinette;;;;;;;;;x;;
PROV4517;Iron Mountain;;;;;;;;;x;;
PROV4518;La Crosse;;;;;;;;;x;;
PROV4519;Wausau;;;;;;;;;x;;
PROV4520;Menomonie;;;;;;;;;x;;
PROV4521;Rice Lake;;;;;;;;;x;;
PROV4522;Ladysmith;;;;;;;;;x;;
PROV4523;Superior;;;;;;;;;x;;
PROV4524;Joliet;;;;;;;;;x;;
PROV4525;Freeport;;;;;;;;;x;;
PROV4526;Mount Vernon;;;;;;;;;x;;
PROV4527;Ottawa;;;;;;;;;x;;
PROV4528;Moline;;;;;;;;;x;;
PROV4529;Macomb;;;;;;;;;x;;
PROV4530;Quincy;;;;;;;;;x;;
PROV4531;Jacksonville;;;;;;;;;x;;
PROV4532;Pontiac;;;;;;;;;x;;
PROV4533;Decatur;;;;;;;;;x;;
PROV4534;Danville;;;;;;;;;x;;
PROV4535;Charleston;;;;;;;;;x;;
PROV4536;Belleville;;;;;;;;;x;;
PROV4537;Effingham;;;;;;;;;x;;
PROV4538;Centralia;;;;;;;;;x;;
PROV4539;Cairo;;;;;;;;;x;;
PROV4540;Greenville;;;;;;;;;x;;
PROV4541;Harrisburg;;;;;;;;;x;;
PROV4542;Mount Carmel;;;;;;;;;x;;
PROV4543;Auburn;;;;;;;;;x;;
PROV4544;Elkhart;;;;;;;;;x;;
PROV4545;Gary;;;;;;;;;x;;
PROV4546;Logansport;;;;;;;;;x;;
PROV4547;Kokomo;;;;;;;;;x;;
PROV4548;Muncie;;;;;;;;;x;;
PROV4549;Richmond;;;;;;;;;x;;
PROV4550;Lafayette;;;;;;;;;x;;
PROV4551;Crawfordsville;;;;;;;;;x;;
PROV4552;Terre Haute;;;;;;;;;x;;
PROV4553;Bloomington;;;;;;;;;x;;
PROV4554;Columbus;;;;;;;;;x;;
PROV4555;Anderson;;;;;;;;;x;;
PROV4556;Lawrenceburg;;;;;;;;;x;;
PROV4557;Madison;;;;;;;;;x;;
PROV4558;Jeffersonville;;;;;;;;;x;;
PROV4559;Jasper;;;;;;;;;x;;
PROV4560;Bedford;;;;;;;;;x;;
PROV4561;Vincennes;;;;;;;;;x;;
PROV4562;Houghton;;;;;;;;;x;;
PROV4563;Petoskey;;;;;;;;;x;;
PROV4564;Alpena;;;;;;;;;x;;
PROV4565;East Tawas;;;;;;;;;x;;
PROV4566;Bay City;;;;;;;;;x;;
PROV4567;Cadilac;;;;;;;;;x;;
PROV4568;Ludington;;;;;;;;;x;;
PROV4569;Midland;;;;;;;;;x;;
PROV4570;Muskegon;;;;;;;;;x;;
PROV4571;Niles;;;;;;;;;x;;
PROV4572;Kalamazoo;;;;;;;;;x;;
PROV4573;Lansing;;;;;;;;;x;;
PROV4574;Ann Arbor;;;;;;;;;x;;
PROV4575;Flint;;;;;;;;;x;;
PROV4576;Lima;;;;;;;;;x;;
PROV4577;Defiance;;;;;;;;;x;;
PROV4578;Toledo;;;;;;;;;x;;
PROV4579;Mansfield;;;;;;;;;x;;
PROV4580;Youngstown;;;;;;;;;x;;
PROV4581;Springfield;;;;;;;;;x;;
PROV4582;Delaware;;;;;;;;;x;;
PROV4583;Akron;;;;;;;;;x;;
PROV4584;Steubenville;;;;;;;;;x;;
PROV4585;Canton;;;;;;;;;x;;
PROV4586;Zanesville;;;;;;;;;x;;
PROV4587;Athens;;;;;;;;;x;;
PROV4588;Greenville;;;;;;;;;x;;
PROV4589;Ironton;;;;;;;;;x;;
PROV4590;Chillicothe;;;;;;;;;x;;
PROV4591;Wilmington;;;;;;;;;x;;
PROV4592;Clarksville;;;;;;;;;x;;
PROV4593;Owensboro;;;;;;;;;x;;
PROV4594;Madisonville;;;;;;;;;x;;
PROV4595;Elizabethtown;;;;;;;;;x;;
PROV4596;Glasgow;;;;;;;;;x;;
PROV4597;Danville;;;;;;;;;x;;
PROV4598;Somerset;;;;;;;;;x;;
PROV4599;London;;;;;;;;;x;;
PROV4600;Middlesborough;;;;;;;;;x;;
PROV4601;Richmond;;;;;;;;;x;;
PROV4602;Pikeville;;;;;;;;;x;;
PROV4603;Mount Sterling;;;;;;;;;x;;
PROV4604;Ashland;;;;;;;;;x;;
PROV4605;Covington;;;;;;;;;x;;
PROV4606;Maysville;;;;;;;;;x;;
PROV4607;Frank Fort;;;;;;;;;x;;
PROV4608;Sault Ste. Marie;;;;;;;;;x;;
PROV4609;Escanaba;;;;;;;;;x;;
PROV4610;Dyersburg;;;;;;;;;x;;
PROV4611;Martin;;;;;;;;;x;;
PROV4612;Paris;;;;;;;;;x;;
PROV4613;Jackson;;;;;;;;;x;;
PROV4614;Clarksville;;;;;;;;;x;;
PROV4615;Lawrenceburg;;;;;;;;;x;;
PROV4616;Spring Hill;;;;;;;;;x;;
PROV4617;Dickson;;;;;;;;;x;;
PROV4618;Hartsville;;;;;;;;;x;;
PROV4619;Murfreesboro;;;;;;;;;x;;
PROV4620;McMinnville;;;;;;;;;x;;
PROV4621;Cookeville;;;;;;;;;x;;
PROV4622;Crossville;;;;;;;;;x;;
PROV4623;Dayton;;;;;;;;;x;;
PROV4624;Erwin;;;;;;;;;x;;
PROV4625;Kingsport;;;;;;;;;x;;
PROV4626;Johnson City;;;;;;;;;x;;
PROV4627;Morristown;;;;;;;;;x;;
PROV4628;Cleveland;;;;;;;;;x;;
PROV4629;Corinth;;;;;;;;;x;;
PROV4630;Southaven;;;;;;;;;x;;
PROV4631;Oxford;;;;;;;;;x;;
PROV4632;Tupelo;;;;;;;;;x;;
PROV4633;Greenville;;;;;;;;;x;;
PROV4634;Clarksdale;;;;;;;;;x;;
PROV4635;Greenwood;;;;;;;;;x;;
PROV4636;West Point;;;;;;;;;x;;
PROV4637;Pearl;;;;;;;;;x;;
PROV4638;Columbus;;;;;;;;;x;;
PROV4639;Meridian;;;;;;;;;x;;
PROV4640;Natchez;;;;;;;;;x;;
PROV4641;McComb;;;;;;;;;x;;
PROV4642;Brookhaven;;;;;;;;;x;;
PROV4643;Laurel;;;;;;;;;x;;
PROV4644;Pascagoula;;;;;;;;;x;;
PROV4645;Hattiesburg;;;;;;;;;x;;
PROV4646;Florence;;;;;;;;;x;;
PROV4647;Huntsville;;;;;;;;;x;;
PROV4648;Gadsden;;;;;;;;;x;;
PROV4649;Decatur;;;;;;;;;x;;
PROV4650;Birmingham;;;;;;;;;x;;
PROV4651;Talladega;;;;;;;;;x;;
PROV4652;Selma;;;;;;;;;x;;
PROV4653;Cullman;;;;;;;;;x;;
PROV4654;Auburn;;;;;;;;;x;;
PROV4655;Phenix City;;;;;;;;;x;;
PROV4656;Dothan;;;;;;;;;x;;
PROV4657;Enterprise;;;;;;;;;x;;
PROV4658;Atmore;;;;;;;;;x;;
PROV4659;Demopolis;;;;;;;;;x;;
PROV4660;Pensacola;;;;;;;;;x;;
PROV4661;Panama City;;;;;;;;;x;;
PROV4662;Port St. Joe;;;;;;;;;x;;
PROV4663;Lake City;;;;;;;;;x;;
PROV4664;Gainesville;;;;;;;;;x;;
PROV4665;Jacksonville;;;;;;;;;x;;
PROV4666;Ocala;;;;;;;;;x;;
PROV4667;Naples;;;;;;;;;x;;
PROV4668;Orlando;;;;;;;;;x;;
PROV4669;Miami;;;;;;;;;x;;
PROV4670;Rome;;;;;;;;;x;;
PROV4671;Calhoun;;;;;;;;;x;;
PROV4672;Dalton;;;;;;;;;x;;
PROV4673;Toccoa;;;;;;;;;x;;
PROV4674;Athens;;;;;;;;;x;;
PROV4675;Thomson;;;;;;;;;x;;
PROV4676;Gainesville;;;;;;;;;x;;
PROV4677;Marietta;;;;;;;;;x;;
PROV4678;LaGrange;;;;;;;;;x;;
PROV4679;Stockbridge;;;;;;;;;x;;
PROV4680;Columbus;;;;;;;;;x;;
PROV4681;Macon;;;;;;;;;x;;
PROV4682;Milledgeville;;;;;;;;;x;;
PROV4683;Georgetown;;;;;;;;;x;;
PROV4684;Americus;;;;;;;;;x;;
PROV4685;Thomasville;;;;;;;;;x;;
PROV4686;Albany;;;;;;;;;x;;
PROV4687;Tifton;;;;;;;;;x;;
PROV4688;Dublin;;;;;;;;;x;;
PROV4689;Vidalia;;;;;;;;;x;;
PROV4690;Waycross;;;;;;;;;x;;
PROV4691;Brunswick;;;;;;;;;x;;
PROV4692;Hilton Head;;;;;;;;;x;;
PROV4693;Orangeburg;;;;;;;;;x;;
PROV4694;Myrtle Beach;;;;;;;;;x;;
PROV4695;Florence;;;;;;;;;x;;
PROV4696;Sumter;;;;;;;;;x;;
PROV4697;Lancaster;;;;;;;;;x;;
PROV4698;Aiken;;;;;;;;;x;;
PROV4699;Greenwood;;;;;;;;;x;;
PROV4700;Greenville;;;;;;;;;x;;
PROV4701;Spartanburg;;;;;;;;;x;;
PROV4702;Fayetteville;;;;;;;;;x;;
PROV4703;New Bern;;;;;;;;;x;;
PROV4704;Jacksonville;;;;;;;;;x;;
PROV4705;Rocky Mount;;;;;;;;;x;;
PROV4706;Kill Devil Hills;;;;;;;;;x;;
PROV4707;Edenton;;;;;;;;;x;;
PROV4708;Elizabeth City;;;;;;;;;x;;
PROV4709;Roanoke Rapids;;;;;;;;;x;;
PROV4710;Durham;;;;;;;;;x;;
PROV4711;Lumberton;;;;;;;;;x;;
PROV4712;Asheboro;;;;;;;;;x;;
PROV4713;Greensboro;;;;;;;;;x;;
PROV4714;Mooresville;;;;;;;;;x;;
PROV4715;Winston-Salem;;;;;;;;;x;;
PROV4716;Boone;;;;;;;;;x;;
PROV4717;Hickory;;;;;;;;;x;;
PROV4718;Gastonia;;;;;;;;;x;;
PROV4719;Marion;;;;;;;;;x;;
PROV4720;Brevard;;;;;;;;;x;;
PROV4721;Waynesville;;;;;;;;;x;;
PROV4722;Emporia;;;;;;;;;x;;
PROV4723;Blacksburg;;;;;;;;;x;;
PROV4724;Hampton;;;;;;;;;x;;
PROV4725;Lynchburg;;;;;;;;;x;;
PROV4726;Bluefield;;;;;;;;;x;;
PROV4727;Big Stone Gap;;;;;;;;;x;;
PROV4728;Charlottesville;;;;;;;;;x;;
PROV4729;West Point;;;;;;;;;x;;
PROV4730;Winchester;;;;;;;;;x;;
PROV4731;Gloucester;;;;;;;;;x;;
PROV4732;Martinsburg;;;;;;;;;x;;
PROV4733;Elkins;;;;;;;;;x;;
PROV4734;Morgantown;;;;;;;;;x;;
PROV4735;Clarksburg;;;;;;;;;x;;
PROV4736;Parkersburg;;;;;;;;;x;;
PROV4737;Charleston;;;;;;;;;x;;
PROV4738;Beckley;;;;;;;;;x;;
PROV4739;Salisbury;;;;;;;;;x;;
PROV4740;Easton;;;;;;;;;x;;
PROV4741;Annapolis;;;;;;;;;x;;
PROV4742;Reading;;;;;;;;;x;;
PROV4743;Allentown;;;;;;;;;x;;
PROV4744;Bloomsburg;;;;;;;;;x;;
PROV4745;Sayre;;;;;;;;;x;;
PROV4746;Lancaster;;;;;;;;;x;;
PROV4747;St. Marys;;;;;;;;;x;;
PROV4748;Lewistown;;;;;;;;;x;;
PROV4749;Altoona;;;;;;;;;x;;
PROV4750;Johnstown;;;;;;;;;x;;
PROV4751;Oil City;;;;;;;;;x;;
PROV4752;Geneva;;;;;;;;;x;;
PROV4753;Poughkeepsie;;;;;;;;;x;;
PROV4754;Oneonta;;;;;;;;;x;;
PROV4755;Schenectady;;;;;;;;;x;;
PROV4756;Utica;;;;;;;;;x;;
PROV4757;Corning;;;;;;;;;x;;
PROV4758;Bridgeport;;;;;;;;;x;;
PROV4759;Rutland;;;;;;;;;x;;
PROV4760;St. Johnsbury;;;;;;;;;x;;
PROV4761;Laconia;;;;;;;;;x;;
PROV4762;Manchester;;;;;;;;;x;;
PROV4763;Portland;;;;;;;;;x;;
PROV4764;Augusta;;;;;;;;;x;;
PROV233;Yonkers;;;;;;;;;x;;
PROV148;Kennet;;;;;;;;;x;;
PROV2581;Baghlan;;;;;;;;;x;;
PROV1938;Komárno;;;;;;;;;x;;
PROV1947;Preov;;;;;;;;;x;;
PROV1941;Dolný Kubín;;;;;;;;;x;;
PROV1949;Nagyszollos;;;;;;;;;x;;
PROV950;Ungvár;;;;;;;;;x;;
PROV231;Vineland;;;;;;;;;x;;
PROV4765;Edison;;;;;;;;;x;;
PROV4766;New Castle;;;;;;;;;x;;
PROV222;Wilmington;;;;;;;;;x;;
PROV2536;Bien-Hoa;;;;;;;;;x;;
PROV2551;Thu Dau Mot;;;;;;;;;x;;
PROV2553;Tay Ninh;;;;;;;;;x;;
PROV1912;Sa Dec;;;;;;;;;x;;
PROV1771;Can Tho;;;;;;;;;x;;
PROV2529;Bac Lieu;;;;;;;;;x;;
PROV2541;Rach Giá;;;;;;;;;x;;
PROV2058;Ninh Bình;;;;;;;;;x;;
PROV2055;Quang Yen;;;;;;;;;x;;
PROV2032;Bac Giang;;;;;;;;;x;;
PROV2031;Hoa Binh;;;;;;;;;x;;
PROV2056;Lai Chau;;;;;;;;;x;;
PROV2065;Lao Cai;;;;;;;;;x;;
PROV2053;Yen Bai;;;;;;;;;x;;
PROV2030;Tuyen Quang;;;;;;;;;x;;
PROV2061;Phu Tho;;;;;;;;;x;;
PROV2052;Ha Giang;;;;;;;;;x;;
PROV2060;Bac Kan;;;;;;;;;x;;
PROV2033;Thai Nguyen;;;;;;;;;x;;
PROV287;Worcester;;;;;;;;;x;;
PROV1911;Akureyri;;;;;;;;;x;;
PROV1916;Selfoss;;;;;;;;;x;;
PROV2010;Ísafjarðarbær;;;;;;;;;x;;
PROV3246;Egilsstaðir;;;;;;;;;x;;
PROV252;Reykjavík;;;;;;;;;x;;
PROV638;Lucenec;;;;;;;;;x;;
PROV2011;Drogheda;;;;;;;;;x;;
PROV2007;Port Laoise;;;;;;;;;x;;
PROV264;Carlow;;;;;;;;;x;;
PROV2005;Mullingar;;;;;;;;;x;;
PROV2008;Monaghan;;;;;;;;;x;;
PROV2002;Omagh;;;;;;;;;x;;
PROV793;Wrexham;;;;;;;;;x;;
PROV274;Aberystwyth;;;;;;;;;x;;
PROV276;Bangor;;;;;;;;;x;;
PROV1689;Ceuta and Melilla;;;;;;;;;x;;
PROV2332;Puerto Montt;;;;;;;;;x;;
PROV1846;Juba;;;;;;;;;x;;
PROV1836;Villarrica;;;;;;;;;x;;
PROV1834;Yhú;;;;;;;;;x;;
PROV2338;Paraguarí;;;;;;;;;x;;
PROV2337;Villa Hayes;;;;;;;;;x;;
PROV344;Tavastehus;;;;;;;;;x;;
PROV345;Åbo;;;;;;;;;x;;
PROV343;Helsingfors;;;;;;;;;x;;
PROV341;St Michel;;;;;;;;;x;;
PROV336;Uleåborg;;;;;;;;;x;;
PROV339;Vyborg;;;;;;;;;x;;
PROV330;Vänersborg;;;;;;;;;x;;
PROV307;Vadsø;;;;;;;;;x;;
PROV306;Bodø;;;;;;;;;x;;
PROV308;Molde;;;;;;;;;x;;
PROV337;Hermansverk;;;;;;;;;x;;
PROV340;Arendal;;;;;;;;;x;;
PROV316;Sarpsborg;;;;;;;;;x;;
PROV338;Tønsberg;;;;;;;;;x;;
PROV3615;Kyakhta;;;;;;;;;x;;
PROV3614;Aksha;;;;;;;;;x;;
PROV3612;Nerchinsky Zavod;;;;;;;;;x;;
PROV5108;Siirt;;;;;;;;;x;;
PROV3601;Mardin;;;;;;;;;x;;
PROV2641;Udskoe;;;;;;;;;x;;
PROV2645;Bodaybo;;;;;;;;;x;;
PROV2633;Tymy;;;;;;;;;x;;
PROV2237;Trinidad and Tobago;;;;;;;;;x;;
PROV2238;Azua;;;;;;;;;x;;
PROV2235;Santa Cruz de El Seibo;;;;;;;;;x;;
PROV2218;Santiago de los Caballeros;;;;;;;;;x;;
PROV1785;Bathurst;;;;;;;;;x;;
PROV840;Nafplio;;;;;;;;;x;;
PROV829;Samos;;;;;;;;;x;;
PROV1136;Bandar Bushehr;;;;;;;;;x;;
PROV1141;Bandar Lengeh;;;;;;;;;x;;
PROV1138;Firuzabad;;;;;;;;;x;;
PROV1137;Abadeh;;;;;;;;;x;;
PROV1145;Bandar-e-Jask;;;;;;;;;x;;
PROV1120;Khorramabad;;;;;;;;;x;;
PROV1114;Nowshahr;;;;;;;;;x;;
PROV1122;Hamedan;;;;;;;;;x;;
PROV1109;Khoy;;;;;;;;;x;;
PROV4767;Iranshahr;;;;;;;;;x;;
PROV4768;Saravan;;;;;;;;;x;;
PROV4769;Sistan;;;;;;;;;x;;
PROV4770;Sabzevaran;;;;;;;;;x;;
PROV4771;Zarand;;;;;;;;;x;;
PROV4772;Baft;;;;;;;;;x;;
PROV4773;Rafsanjan;;;;;;;;;x;;
PROV4774;Larestan;;;;;;;;;x;;
PROV4775;Darab;;;;;;;;;x;;
PROV4776;Jahrom;;;;;;;;;x;;
PROV4777;Fasa;;;;;;;;;x;;
PROV4778;Neyriz;;;;;;;;;x;;
PROV4779;Borazjan;;;;;;;;;x;;
PROV4780;Kazerun;;;;;;;;;x;;
PROV4781;Behbahan;;;;;;;;;x;;
PROV4782;Shadegan;;;;;;;;;x;;
PROV4783;Ramhormoz;;;;;;;;;x;;
PROV4784;Masjed Soleyman;;;;;;;;;x;;
PROV4785;Shooshtar;;;;;;;;;x;;
PROV4786;Susangerd;;;;;;;;;x;;
PROV4787;Shahreza;;;;;;;;;x;;
PROV4788;Fereydan;;;;;;;;;x;;
PROV4789;Najafabad;;;;;;;;;x;;
PROV4790;Na'in;;;;;;;;;x;;
PROV4791;Ardestan;;;;;;;;;x;;
PROV4792;Tabas;;;;;;;;;x;;
PROV4793;Ferdows;;;;;;;;;x;;
PROV4794;Gonabad;;;;;;;;;x;;
PROV4795;Torbat Heydariyeh;;;;;;;;;x;;
PROV4796;Torbat-e-Jam;;;;;;;;;x;;
PROV4797;Quchan;;;;;;;;;x;;
PROV4798;Neyshabur;;;;;;;;;x;;
PROV4799;Kashmar;;;;;;;;;x;;
PROV4800;Shahroud;;;;;;;;;x;;
PROV4801;Gonbad Kavus;;;;;;;;;x;;
PROV4802;Damghan;;;;;;;;;x;;
PROV4803;Shahi;;;;;;;;;x;;
PROV4804;Babol;;;;;;;;;x;;
PROV4805;Amol;;;;;;;;;x;;
PROV4806;Shahsavar ;;;;;;;;;x;;
PROV4807;Damavand;;;;;;;;;x;;
PROV4808;Karaj;;;;;;;;;x;;
PROV4809;Saveh;;;;;;;;;x;;
PROV4810;Aligudarz;;;;;;;;;x;;
PROV4811;Golpayegan;;;;;;;;;x;;
PROV4812;Borujerd;;;;;;;;;x;;
PROV4813;Malayer;;;;;;;;;x;;
PROV4814;Nahavand;;;;;;;;;x;;
PROV4815;Tuyserkan;;;;;;;;;x;;
PROV4816;Lahijan;;;;;;;;;x;;
PROV4817;Shahabad-e Gharb;;;;;;;;;x;;
PROV4818;Qasr-e Shirin;;;;;;;;;x;;
PROV4819;Bijar;;;;;;;;;x;;
PROV4820;Saqqez;;;;;;;;;x;;
PROV4821;Shahin Dej;;;;;;;;;x;;
PROV4822;Maragheh;;;;;;;;;x;;
PROV4823;Saraskand;;;;;;;;;x;;
PROV4824;Maku;;;;;;;;;x;;
PROV4825;Marand;;;;;;;;;x;;
PROV4826;Qaradag;;;;;;;;;x;;
PROV4827;Khiyov;;;;;;;;;x;;
PROV4828;Khalkhal;;;;;;;;;x;;
PROV4829;Mianeh;;;;;;;;;x;;
PROV4830;Talesh;;;;;;;;;x;;
PROV4831;Anzali;;;;;;;;;x;;
PROV4832;Fuman;;;;;;;;;x;;
PROV4833;Sarab;;;;;;;;;x;;
PROV1111;Sablaghi Mukri;;;;;;;;;x;;
PROV1134;Shahrekord;;;;;;;;;x;;
PROV1116;Asterabad;;;;;;;;;x;;
PROV2117;Takamatsu;;;;;;;;;x;;
PROV2118;Saga;;;;;;;;;x;;
PROV2616;Gizhiga;;;;;;;;;x;;
PROV1196;Tejen;;;;;;;;;x;;
PROV1205;Kyzyl-Su;;;;;;;;;x;;
PROV2638;Tralee;;;;;;;;;x;;
PROV520;Castelo Branco;;;;;;;;;x;;
PROV523;Santarém;;;;;;;;;x;;
PROV518;Porto;;;;;;;;;x;;
PROV1845;San Sebastián;;;;;;;;;x;;
PROV2128;Terni;;;;;;;;;x;;
PROV906;Jabal Druze;;;;;;;;;x;;
PROV621;Newtown St Boswells;;;;;;;;;x;;
PROV620;Stornoway;;;;;;;;;x;;
PROV617;Glenrothes;;;;;;;;;x;;
PROV1757;Ennis;;;;;;;;;x;;
PROV869;Smyrna;;;;;;;;;x;;
PROV1979;New Amsterdam;;;;;;;;;x;;
PROV2318;San Ignacio;;;;;;;;;x;;
PROV2133;Caazapá;;;;;;;;;x;;
PROV2289;Castlebar;;;;;;;;;x;;
PROV2405;Clonmel;;;;;;;;;x;;
PROV2408;Wicklow;;;;;;;;;x;;
PROV2600;Kilkenny;;;;;;;;;x;;
PROV2224;Leeward Islands;;;;;;;;;x;;
PROV2233;Windward Islands;;;;;;;;;x;;
PROV2226;Tullamore;;;;;;;;;x;;
PROV2220;Roscommon;;;;;;;;;x;;
PROV2231;Carrick-on-Shannon;;;;;;;;;x;;
PROV2409;Enniskillen;;;;;;;;;x;;
PROV2225;Cavan;;;;;;;;;x;;
PROV2227;Downpatrick;;;;;;;;;x;;
PROV529;Ratzeburg;;;;;;;;;x;;
PROV552;Frankfurt;;;;;;;;;x;;
PROV547;Gonaïves;;;;;;;;;x;;
PROV681;Port-de-Paix;;;;;;;;;x;;
PROV687;Les Cayes;;;;;;;;;x;;
PROV2316;Santa Cruz de la Sierra;;;;;;;;;x;;
PROV2208;Bocas del Toro;;;;;;;;;x;;
PROV609;Sion;;;;;;;;;x;;
PROV603;Zürich;;;;;;;;;x;;
PROV3297;Chitré;;;;;;;;;x;;
PROV3296;Santiago;;;;;;;;;x;;
PROV3301;Riohacha;;;;;;;;;x;;
PROV3273;Arauca;;;;;;;;;x;;
PROV2092;Beaufort West;;;;;;;;;x;;
PROV692;Schneidemühl;;;;;;;;;x;;
PROV571;Speyer;;;;;;;;;x;;
PROV595;Ansbach;;;;;;;;;x;;
PROV560;Zwickau;;;;;;;;;x;;
PROV590;Ellwangen;;;;;;;;;x;;
PROV591;Reutlingen;;;;;;;;;x;;
PROV4834;Colón;;;;;;;;;x;;
PROV4835;Puntarenas;;;;;;;;;x;;
PROV4836;Cartago;;;;;;;;;x;;
PROV4837;Heredia;;;;;;;;;x;;
PROV4838;Alajuela;;;;;;;;;x;;
PROV4839;Juigalpa;;;;;;;;;x;;
PROV4840;Ocotal;;;;;;;;;x;;
PROV4841;Chinandega;;;;;;;;;x;;
PROV4842;Matagalpa;;;;;;;;;x;;
PROV4843;Granada;;;;;;;;;x;;
PROV2355;Carmen de Patagones;;;;;;;;;x;;
PROV4839;Juigalpa;;;;;;;;;x;;
PROV4840;Ocotal;;;;;;;;;x;;
PROV4841;Chinandega;;;;;;;;;x;;
PROV4842;Matagalpa;;;;;;;;;x;;
PROV4843;Granada;;;;;;;;;x;;
PROV4844;Juticalpa;;;;;;;;;x;;
PROV4845;Yoro;;;;;;;;;x;;
PROV4846;Yuscarán;;;;;;;;;x;;
PROV4847;Tegucigalpa;;;;;;;;;x;;
PROV4848;Choluteca;;;;;;;;;x;;
PROV4849;Santa Bárbara;;;;;;;;;x;;
PROV4850;Santa Rosa de Copán;;;;;;;;;x;;
PROV4851;Gracias;;;;;;;;;x;;
PROV4852;La Paz;;;;;;;;;x;;
PROV2196;Trujillo;;;;;;;;;x;;
PROV2394;San Carlos de Bariloche;;;;;;;;;x;;
PROV4853;Cobán;;;;;;;;;x;;
PROV4854;Santa Cruz del Quiché;;;;;;;;;x;;
PROV4855;Huehuetenango;;;;;;;;;x;;
PROV4856;Chiquimula;;;;;;;;;x;;
PROV4857;Salamá;;;;;;;;;x;;
PROV4858;Jalapa;;;;;;;;;x;;
PROV4859;Escuintla;;;;;;;;;x;;
PROV4860;Retalhuleu;;;;;;;;;x;;
PROV4861;Chimaltenango;;;;;;;;;x;;
PROV2189;Flores;;;;;;;;;x;;
PROV4862;Santa Ana;;;;;;;;;x;;
PROV4863;Sensuntepeque;;;;;;;;;x;;
PROV4864;Zacatecoluca;;;;;;;;;x;;
PROV4865;Ushuaia;;;;;;;;;x;;
PROV4866;Thetis Bay;;;;;;;;;x;;
PROV4867;Puerto Santa Cruz;;;;;;;;;x;;
PROV4868;Puerto San Julián;;;;;;;;;x;;
PROV4869;Comodoro Rivadavia;;;;;;;;;x;;
PROV4870;Maquinchao;;;;;;;;;x;;
PROV4871;Sierra Colorada;;;;;;;;;x;;
PROV4872;Río Colorado;;;;;;;;;x;;
PROV4873;Choele Choel;;;;;;;;;x;;
PROV4874;General Roca;;;;;;;;;x;;
PROV4875;Junín de los Andes;;;;;;;;;x;;
PROV4876;Las Lajas;;;;;;;;;x;;
PROV4877;Chos Malal;;;;;;;;;x;;
PROV4878;Añelo;;;;;;;;;x;;
PROV4879;Puan;;;;;;;;;x;;
PROV4880;Coronel Suárez;;;;;;;;;x;;
PROV4881;Carhué;;;;;;;;;x;;
PROV4882;Coronel Pringles;;;;;;;;;x;;
PROV4883;Olavarría;;;;;;;;;x;;
PROV4884;Tres Arroyos;;;;;;;;;x;;
PROV4885;Necochea;;;;;;;;;x;;
PROV4886;Balcarce;;;;;;;;;x;;
PROV4887;Tandil;;;;;;;;;x;;
PROV4888;General Lavalle;;;;;;;;;x;;
PROV4889;General Guido;;;;;;;;;x;;
PROV4890;Dolores;;;;;;;;;x;;
PROV4891;Chascomús;;;;;;;;;x;;
PROV4892;Rauch;;;;;;;;;x;;
PROV4893;Las Flores;;;;;;;;;x;;
PROV4894;Saladillo;;;;;;;;;x;;
PROV4895;Brandsen;;;;;;;;;x;;
PROV4896;Cañuelas;;;;;;;;;x;;
PROV4897;Lobos;;;;;;;;;x;;
PROV4898;Bragado;;;;;;;;;x;;
PROV4899;Nueve de Julio;;;;;;;;;x;;
PROV4900;Lincoln;;;;;;;;;x;;
PROV4901;Chivilcoy;;;;;;;;;x;;
PROV4902;Luján;;;;;;;;;x;;
PROV4903;Chacabuco;;;;;;;;;x;;
PROV4904;Arrecifes;;;;;;;;;x;;
PROV4905;Rojas;;;;;;;;;x;;
PROV4906;Pergamino;;;;;;;;;x;;
PROV4907;San Nicolás de los Arroyos;;;;;;;;;x;;
PROV4908;Zárate;;;;;;;;;x;;
PROV4909;Pilar;;;;;;;;;x;;
PROV4910;San Vicente;;;;;;;;;x;;
PROV2358;Santo Tomé;;;;;;;;;x;;
PROV4911;Concepción del Uruguay;;;;;;;;;x;;
PROV4912;Victoria;;;;;;;;;x;;
PROV4913;Nogoyá;;;;;;;;;x;;
PROV4914;La Paz;;;;;;;;;x;;
PROV4915;Federación;;;;;;;;;x;;
PROV4916;Cañada de Gómez;;;;;;;;;x;;
PROV4917;Coronda;;;;;;;;;x;;
PROV4918;Esperanza;;;;;;;;;x;;
PROV4919;Santa Fe;;;;;;;;;x;;
PROV4920;San Javier;;;;;;;;;x;;
PROV4921;San Cristóbal;;;;;;;;;x;;
PROV4922;Esquina;;;;;;;;;x;;
PROV4923;Monte Caseros;;;;;;;;;x;;
PROV4924;Mercedes;;;;;;;;;x;;
PROV4925;Concepción;;;;;;;;;x;;
PROV4926;Bella Vista;;;;;;;;;x;;
PROV4927;Empedrado;;;;;;;;;x;;
PROV4928;Ituzaingó;;;;;;;;;x;;
PROV4929;Caá Catí;;;;;;;;;x;;
PROV4930;Puerto Rico;;;;;;;;;x;;
PROV4931;Eldorado;;;;;;;;;x;;
PROV4931;Venado Tuerto;;;;;;;;;x;;
PROV2382;Villa Huidobro;;;;;;;;;x;;
PROV2380;Villa María;;;;;;;;;x;;
PROV2395;Veinticinco de Mayo;;;;;;;;;x;;
PROV2393;Santa Rosa;;;;;;;;;x;;
PROV2384;Villa Mercedes;;;;;;;;;x;;
PROV4932;Marcos Juárez;;;;;;;;;x;;
PROV4933;San Francisco;;;;;;;;;x;;
PROV4934;Villa Dolores;;;;;;;;;x;;
PROV4935;Villa del Totoral;;;;;;;;;x;;
PROV4936;Villa de María del Río Seco;;;;;;;;;x;;
PROV4937;Deán Funes;;;;;;;;;x;;
PROV4938;San Carlos Minas;;;;;;;;;x;;
PROV4939;Cosquín;;;;;;;;;x;;
PROV4940;General Pico;;;;;;;;;x;;
PROV4941;General Acha;;;;;;;;;x;;
PROV4942;Bernasconi;;;;;;;;;x;;
PROV4943;La Adela;;;;;;;;;x;;
PROV4944;Santa Isabel;;;;;;;;;x;;
PROV4945;La Toma;;;;;;;;;x;;
PROV4946;Santa Rosa del Conlara;;;;;;;;;x;;
PROV4947;San Francisco del Monte de Oro;;;;;;;;;x;;
PROV4948;Santa Rosa;;;;;;;;;x;;
PROV4949;San Martín;;;;;;;;;x;;
PROV4950;Villa San Carlos;;;;;;;;;x;;
PROV4951;Luján de Cuyo;;;;;;;;;x;;
PROV2388;Villa Ibáñez;;;;;;;;;x;;
PROV2386;Milagro;;;;;;;;;x;;
PROV2375;Ciudad de Tinogasta;;;;;;;;;x;;
PROV2373;San Miguel de Tucumán;;;;;;;;;x;;
PROV2378;Los Telares;;;;;;;;;x;;
PROV2372;San Ramón de la Nueva Orán;;;;;;;;;x;;
PROV2371;Santa Victoria Oeste;;;;;;;;;x;;
PROV4952;Media Agua;;;;;;;;;x;;
PROV4953;Caucete;;;;;;;;;x;;
PROV4954;San José de Jáchal;;;;;;;;;x;;
PROV4955;Tamberías;;;;;;;;;x;;
PROV4956;Chepes;;;;;;;;;x;;
PROV4957;Olta;;;;;;;;;x;;
PROV4958;Patquía;;;;;;;;;x;;
PROV4959;Aimogasta;;;;;;;;;x;;
PROV4960;Aminga;;;;;;;;;x;;
PROV4961;Chilecito;;;;;;;;;x;;
PROV4962;Villa San José de Vinchina;;;;;;;;;x;;
PROV4963;Ciudad de Recreo;;;;;;;;;x;;
PROV4964;Bañado de Ovanta;;;;;;;;;x;;
PROV4965;La Puerta;;;;;;;;;x;;
PROV4966;Ciudad de Andalgalá;;;;;;;;;x;;
PROV4967;Villa de Antofagasta de la Sierra;;;;;;;;;x;;
PROV4968;Aguilares;;;;;;;;;x;;
PROV4969;Concepción;;;;;;;;;x;;
PROV4970;Trancas;;;;;;;;;x;;
PROV4971;Famaillá;;;;;;;;;x;;
PROV4972;Sumampa;;;;;;;;;x;;
PROV4973;Suncho Corral;;;;;;;;;x;;
PROV4974;Nueva Esperanza;;;;;;;;;x;;
PROV4975;La Banda;;;;;;;;;x;;
PROV4976;Loreto;;;;;;;;;x;;
PROV4977;Frías;;;;;;;;;x;;
PROV4978;La Leonesa;;;;;;;;;x;;
PROV4979;Clorinda;;;;;;;;;x;;
PROV4980;Joaquín V. González;;;;;;;;;x;;
PROV4981;San José de Metán;;;;;;;;;x;;
PROV4982;La Viña;;;;;;;;;x;;
PROV4983;Cafayate;;;;;;;;;x;;
PROV4984;San Carlos;;;;;;;;;x;;
PROV4985;Rosario de Lerma;;;;;;;;;x;;
PROV4986;Molinos;;;;;;;;;x;;
PROV4987;San Antonio de los Cobres;;;;;;;;;x;;
PROV4988;Susques;;;;;;;;;x;;
PROV4989;Santa Catalina;;;;;;;;;x;;
PROV4990;Humahuaca;;;;;;;;;x;;
PROV4991;Tilcara;;;;;;;;;x;;
PROV4992;Libertador General San Martín;;;;;;;;;x;;
PROV4993;El Carmen;;;;;;;;;x;;
PROV2370;La Quiaca;;;;;;;;;x;;
PROV2369;San Salvador de Jujuy;;;;;;;;;x;;
PROV2361;Melincué;;;;;;;;;x;;
PROV4994;Zugdidi;;;;;;;;;x;;
PROV4995;Ozurgeti;;;;;;;;;x;;
PROV4996;Oni;;;;;;;;;x;;
PROV4997;Akhalkalaki;;;;;;;;;x;;
PROV4998;Tianeti;;;;;;;;;x;;
PROV4999;Bashnorashen;;;;;;;;;x;;
PROV5000;Aghdash;;;;;;;;;x;;
PROV5001;Jabrayil;;;;;;;;;x;;
PROV828;Adrianople;;;;;;;;;x;;
PROV5002;Sunzhenskaya;;;;;;;;;x;;
PROV5003;Khunzakh;;;;;;;;;x;;
PROV5004;Levashi;;;;;;;;;x;;
PROV5005;Akhty;;;;;;;;;x;;
PROV1612;Peking;;;;;;;;;x;;
PROV1578;Chengtu;;;;;;;;;x;;
PROV1503;Kweilin;;;;;;;;;x;;
PROV1617;Tientsin;;;;;;;;;x;;
PROV1539;Soochow;;;;;;;;;x;;
PROV1566;Tsingtao;;;;;;;;;x;;
PROV1552;Tsitsihar;;;;;;;;;x;;
PROV1555;Kirin;;;;;;;;;x;;
PROV1480;Chinchow;;;;;;;;;x;;
PROV1613;Jehol;;;;;;;;;x;;
PROV1071;Nakhodka;;;;;;;;;x;;
PROV2618;Nikolsk-Ussuriysky;;;;;;;;;x;;
PROV1554;Ninguta;;;;;;;;;x;;
PROV1485;Taipeh;;;;;;;;;x;;
PROV2586;Rub' al Khali;;;;;;;;;x;;
PROV1161;Najran;;;;;;;;;x;;
PROV1158;Khafji;;;;;;;;;x;;
PROV1563;Tsinan;;;;;;;;;x;;
PROV1073;Zavitinsk;;;;;;;;;x;;
PROV5006;Viana do Castelo;;;;;;;;;x;;
PROV5007;Bragança;;;;;;;;;x;;
PROV5008;Guarda;;;;;;;;;x;;
PROV5009;Aveiro;;;;;;;;;x;;
PROV5010;Leiria;;;;;;;;;x;;
PROV5011;Portalegre;;;;;;;;;x;;
PROV2174;Cuernavaca;;;;;;;;;x;;
PROV2126;Réunion;;;;;;;;;x;;
PROV2609;Goundam;;;;;;;;;x;;
PROV1801;Nara;;;;;;;;;x;;
PROV1802;Mopti;;;;;;;;;x;;
PROV1807;Niafunké;;;;;;;;;x;;
PROV1806;Gourma;;;;;;;;;x;;
PROV1786;Louga;;;;;;;;;x;;
PROV1793;Kolda;;;;;;;;;x;;
PROV1800;Ségou;;;;;;;;;x;;
PROV5012;San;;;;;;;;;x;;
PROV5013;Koutiala;;;;;;;;;x;;
PROV5014;Macina;;;;;;;;;x;;
PROV5015;Bafoulabé;;;;;;;;;x;;
PROV5016;Satadougou;;;;;;;;;x;;
PROV2110;Middelburg;;;;;;;;;x;;
PROV2108;Pietersburg;;;;;;;;;x;;
PROV5017;Ermelo;;;;;;;;;x;;
PROV5018;Piet Retief;;;;;;;;;x;;
PROV5019;Heidelberg;;;;;;;;;x;;
PROV5020;Rustenburg;;;;;;;;;x;;
PROV5021;Wolmaransstad;;;;;;;;;x;;
PROV5022;Vrede;;;;;;;;;x;;
PROV5023;Heilbron;;;;;;;;;x;;
PROV5024;Bethlehem;;;;;;;;;x;;
PROV5025;Kroonstad;;;;;;;;;x;;
PROV5026;Ladybrand;;;;;;;;;x;;
PROV5027;Boshof;;;;;;;;;x;;
PROV5028;Koffiefontein;;;;;;;;;x;;
PROV5029;Bethulie;;;;;;;;;x;;
PROV5030;Wepener;;;;;;;;;x;;
PROV2095;Upington;;;;;;;;;x;;
PROV2099;Butterworth;;;;;;;;;x;;
PROV5031;Vryburg;;;;;;;;;x;;
PROV5032;Mahikeng;;;;;;;;;x;;
PROV5033;Griekwastad;;;;;;;;;x;;
PROV5034;Hopetown;;;;;;;;;x;;
PROV5035;Colesberg;;;;;;;;;x;;
PROV5036;Richmond;;;;;;;;;x;;
PROV5037;Carnarvon;;;;;;;;;x;;
PROV5038;Clanwilliam;;;;;;;;;x;;
PROV5039;Tulbagh;;;;;;;;;x;;
PROV5040;Ceres;;;;;;;;;x;;
PROV5041;Stellenbosch;;;;;;;;;x;;
PROV5042;Caledon;;;;;;;;;x;;
PROV5043;George;;;;;;;;;x;;
PROV5044;Knysna;;;;;;;;;x;;
PROV5045;Humansdorp;;;;;;;;;x;;
PROV5046;Willowmore;;;;;;;;;x;;
PROV5047;Riebeek East;;;;;;;;;x;;
PROV5048;Cradock;;;;;;;;;x;;
PROV5049;Grahamstown;;;;;;;;;x;;
PROV5050;Fort Beaufort;;;;;;;;;x;;
PROV5051;Queenstown;;;;;;;;;x;;
PROV5052;Burgersdorp;;;;;;;;;x;;
PROV5053;Barkly East;;;;;;;;;x;;
PROV5054;Maclear;;;;;;;;;x;;
PROV5055;Morgans Bay;;;;;;;;;x;;
PROV5056;Port St Johns;;;;;;;;;x;;
PROV5057;Mount Fletcher;;;;;;;;;x;;
PROV5058;Kokstad;;;;;;;;;x;;
PROV5059;Port Shepstone;;;;;;;;;x;;
PROV5060;Pietermaritzburg;;;;;;;;;x;;
PROV5061;Stanger;;;;;;;;;x;;
PROV5062;Greytown;;;;;;;;;x;;
PROV5063;Newcastle;;;;;;;;;x;;
PROV5064;Vryheid;;;;;;;;;x;;
PROV5065;Eshowe;;;;;;;;;x;;
PROV5066;Utrecht;;;;;;;;;x;;
PROV5067;Jozini;;;;;;;;;x;;
PROV2091;Ladismith;;;;;;;;;x;;
PROV2069;Gwelo;;;;;;;;;x;;
PROV2070;Umtali;;;;;;;;;x;;
PROV2635;Sinoia;;;;;;;;;x;;
PROV2072;Wankie;;;;;;;;;x;;
PROV2073;Fort Victoria;;;;;;;;;x;;
PROV1861;Asella;;;;;;;;;x;;
PROV1856;Mekelle;;;;;;;;;x;;
PROV1857;Chencha;;;;;;;;;x;;
PROV1853;Dessie;;;;;;;;;x;;
PROV1854;Gore;;;;;;;;;x;;
PROV1863;Nekemte;;;;;;;;;x;;
PROV1866;Bale Robe;;;;;;;;;x;;
PROV2098;King William's Town;;;;;;;;;x;;
PROV2107;Potchefstroom;;;;;;;;;x;;
PROV5068;Tambacounda;;;;;;;;;x;;
PROV5069;Kédougou;;;;;;;;;x;;
PROV1961;Garoua;;;;;;;;;x;;
PROV653;Lugoj;;;;;;;;;x;;
PROV655;Alba Iulia;;;;;;;;;x;;
PROV626;Königgrätz;;;;;;;;;x;;
PROV630;Budweis;;;;;;;;;x;;
PROV629;Pilsen;;;;;;;;;x;;
PROV632;Olmütz;;;;;;;;;x;;
PROV631;Brünn;;;;;;;;;x;;
PROV689;Teschen;;;;;;;;;x;;
PROV1329;Punakha;;;;;;;;;x;;
PROV1466;Altai;;;;;;;;;x;;
PROV371;Sorø;;;;;;;;;x;;
PROV2207;St. Gallen;;;;;;;;;x;;
PROV2608;Schwyz;;;;;;;;;x;;
PROV587;Freiburg im Breisgau;;;;;;;;;x;;
PROV952;Tarnopol;;;;;;;;;x;;
PROV5070;Tamoy;;;;;;;;;x;;
PROV5071;Thaton;;;;;;;;;x;;
PROV5072;Salween;;;;;;;;;x;;
PROV5073;Pyapon;;;;;;;;;x;;
PROV5074;Myaungmya;;;;;;;;;x;;
PROV5075;Maubin;;;;;;;;;x;;
PROV5076;Insein;;;;;;;;;x;;
PROV5077;Tharawaddy;;;;;;;;;x;;
PROV5078;Henzada;;;;;;;;;x;;
PROV5079;Thayetmyo;;;;;;;;;x;;
PROV5080;Minbu;;;;;;;;;x;;
PROV5081;Pakokku;;;;;;;;;x;;
PROV5082;Sagaing;;;;;;;;;x;;
PROV5083;Monywa;;;;;;;;;x;;
PROV5084;Shwebo;;;;;;;;;x;;
PROV5085;Mawlaik;;;;;;;;;x;;
PROV5086;Katha;;;;;;;;;x;;
PROV5087;Keng Tung;;;;;;;;;x;;
PROV5088;Loikaw;;;;;;;;;x;;
PROV5089;Sandoway;;;;;;;;;x;;
PROV5090;Kyaukpyu;;;;;;;;;x;;
PROV5091;Matupi;;;;;;;;;x;;
PROV5092;Yamethin;;;;;;;;;x;;
PROV5093;Meiktala;;;;;;;;;x;;
PROV5094;Myinggyan;;;;;;;;;x;;
PROV1343;Amherst;;;;;;;;;x;;
PROV1345;Akyab;;;;;;;;;x;;
PROV1341;Bhamo;;;;;;;;;x;;
PROV1334;Mandalay;;;;;;;;;x;;
PROV795;Zajecar;;;;;;;;;x;;
PROV5095;Poarevac;;;;;;;;;x;;
PROV5096;abac;;;;;;;;;x;;
PROV5097;Kruevac;;;;;;;;;x;;
PROV5098;tip;;;;;;;;;x;;
PROV792;Beckerek;;;;;;;;;x;;
PROV799;Vranje;;;;;;;;;x;;
PROV5099;Kyustendil;;;;;;;;;x;;
PROV822;Argostoli;;;;;;;;;x;;
PROV5100;Rethymnon;;;;;;;;;x;;
PROV5101;Agios Nikolaos;;;;;;;;;x;;
PROV5102;Paphos;;;;;;;;;x;;
PROV832;Preveza;;;;;;;;;x;;
PROV5103;Kyrenia;;;;;;;;;x;;
PROV5104;Larnaca;;;;;;;;;x;;
PROV844;Mytilene;;;;;;;;;x;;
PROV823;Drama;;;;;;;;;x;;
PROV805;Salonica;;;;;;;;;x;;
PROV853;Argyrokastro;;;;;;;;;x;;
PROV5105;Haskovo;;;;;;;;;x;;
PROV5106;Tekirdag;;;;;;;;;x;;
PROV5107;Silifke;;;;;;;;;x;;
PROV876;Angora;;;;;;;;;x;;
PROV864;Karasi;;;;;;;;;x;;
PROV5109;Sebinkarahisar;;;;;;;;;x;;
PROV5110;Aksaray;;;;;;;;;x;;
PROV861;Scutari;;;;;;;;;x;;
PROV865;Çanakkale;;;;;;;;;x;;
PROV866;Afyonkarahisar;;;;;;;;;x;;
PROV657;Sibiu;;;;;;;;;x;;
PROV661;Bistrita;;;;;;;;;x;;
PROV2527;Gilbert and Ellice Islands;;;;;;;;;x;;
PROV1654;Bonin Islands;;;;;;;;;x;;
PROV2579;Caroline Islands;;;;;;;;;x;;
PROV2552;Pitcairn Islands;;;;;;;;;x;;
PROV2545;Cook Islands;;;;;;;;;x;;
PROV2547;Union Islands;;;;;;;;;x;;
PROV2546;Lihue;;;;;;;;;x;;
PROV2623;Hilo;;;;;;;;;x;;
PROV2526;Wailuku;;;;;;;;;x;;
PROV658;Honolulu;;;;;;;;;x;;
PROV2524;Wake Island;;;;;;;;;x;;
PROV1832;Malakal;;;;;;;;;x;;
PROV1830;Sinjah;;;;;;;;;x;;
PROV1831;El Dueim;;;;;;;;;x;;
PROV1841;El Fasher;;;;;;;;;x;;
PROV1838;El Obeid;;;;;;;;;x;;
PROV1837;El Damer;;;;;;;;;x;;
PROV1844;Pibor Post;;;;;;;;;x;;
PROV2467;Uruguaiana;;;;;;;;;x;;
PROV2462;Palmas;;;;;;;;;x;;
PROV2461;Florianópolis;;;;;;;;;x;;
PROV2460;Ponta Grossa;;;;;;;;;x;;
PROV5112;Ijuí;;;;;;;;;x;;
PROV5113;Caxias;;;;;;;;;x;;
PROV5114;Santa Cruz;;;;;;;;;x;;
PROV5115;Campos Novos;;;;;;;;;x;;
PROV5116;Laguna;;;;;;;;;x;;
PROV5117;Blumenau;;;;;;;;;x;;
PROV5118;Joinville;;;;;;;;;x;;
PROV5119;Diamantino;;;;;;;;;x;;
PROV2451;São José dos Campos;;;;;;;;;x;;
PROV2448;Campos dos Goytacazes;;;;;;;;;x;;
PROV5124;Jaguariaíva;;;;;;;;;x;;
PROV5125;Itapetininga;;;;;;;;;x;;
PROV5126;Bauru;;;;;;;;;x;;
PROV5127;Piracicaba;;;;;;;;;x;;
PROV5128;São José do Rio Preto;;;;;;;;;x;;
PROV5129;Ribeirão Preto;;;;;;;;;x;;
PROV5130;Volta Redonda;;;;;;;;;x;;
PROV5131;Petrópolis;;;;;;;;;x;;
PROV5132;Cabo Frio;;;;;;;;;x;;
PROV2444;Patos de Minas;;;;;;;;;x;;
PROV2443;Montes Claros;;;;;;;;;x;;
PROV2441;Belo Horizonte;;;;;;;;;x;;
PROV2446;Pouso Alegre;;;;;;;;;x;;
PROV2438;Barreiras;;;;;;;;;x;;
PROV2439;Ilhéus;;;;;;;;;x;;
PROV5133;Uberlândia;;;;;;;;;x;;
PROV5134;Varginha;;;;;;;;;x;;
PROV5135;Divinópolis;;;;;;;;;x;;
PROV5136;Barbacena;;;;;;;;;x;;
PROV5137;Ipatinga;;;;;;;;;x;;
PROV5138;Governador Valadares;;;;;;;;;x;;
PROV5139;Teófilo Otoni;;;;;;;;;x;;
PROV5140;Cachoeiro de Itapemirim;;;;;;;;;x;;
PROV5141;Colatina;;;;;;;;;x;;
PROV5142;São Mateus;;;;;;;;;x;;
PROV5143;Guanambi;;;;;;;;;x;;
PROV5144;Santo Antônio de Jesus;;;;;;;;;x;;
PROV5145;Feira de Santana;;;;;;;;;x;;
PROV5146;Irecê;;;;;;;;;x;;
PROV5147;Paulo Afonso;;;;;;;;;x;;
PROV2433;Petrolina;;;;;;;;;x;;
PROV2428;João Pessoa;;;;;;;;;x;;
PROV5148;Itabaiana;;;;;;;;;x;;
PROV5149;Arapiraca;;;;;;;;;x;;
PROV5150;Caruaru;;;;;;;;;x;;
PROV5151;Serra Talhada;;;;;;;;;x;;
PROV5152;Campina Grande;;;;;;;;;x;;
PROV5153;Monteiro;;;;;;;;;x;;
PROV5154;Patos;;;;;;;;;x;;
PROV5155;Mossoró;;;;;;;;;x;;
PROV5156;Caicó;;;;;;;;;x;;
PROV5157;Crateús;;;;;;;;;x;;
PROV5158;Iguatu;;;;;;;;;x;;
PROV5159;Quixadá;;;;;;;;;x;;
PROV5160;Sobral;;;;;;;;;x;;
PROV2427;Picos;;;;;;;;;x;;
PROV2425;Caxias;;;;;;;;;x;;
PROV2421;Goiás;;;;;;;;;x;;
PROV5161;Parnaíba;;;;;;;;;x;;
PROV5162;São Raimundo Nonato;;;;;;;;;x;;
PROV5163;Corrente;;;;;;;;;x;;
PROV5164;Floriano;;;;;;;;;x;;
PROV5165;Imperatriz;;;;;;;;;x;;
PROV5166;Presidente Dutra;;;;;;;;;x;;
PROV5167;Santa Inês;;;;;;;;;x;;
PROV2401;Breves;;;;;;;;;x;;
PROV2412;Altamira;;;;;;;;;x;;
PROV2403;Parintins;;;;;;;;;x;;
PROV2407;Lábrea;;;;;;;;;x;;
PROV2532;Boa Vista do Rio Branco;;;;;;;;;x;;
PROV2417;Vila Bela da Santíssima Trindade;;;;;;;;;x;;
PROV2414;Mazagão Velho;;;;;;;;;x;;
PROV2416;Campo Grande;;;;;;;;;x;;
PROV2413;Salinas;;;;;;;;;x;;
PROV2550;São Luiz de Caceres;;;;;;;;;x;;
PROV2423;Natividade;;;;;;;;;x;;
PROV2466;Santa Maria da Bocca do Monte;;;;;;;;;x;;
PROV2422;Pirenópolis;;;;;;;;;x;;
PROV1876;Praia;;;;;;;;;x;;
PROV5120;Bôa Vista do Tocantins;;;;;;;;;x;;
PROV5121;Santa Luzia;;;;;;;;;x;;
PROV5122;Rio Verde;;;;;;;;;x;;
PROV5123;Bonfim;;;;;;;;;x;;
PROV2571;Blenheim;;;;;;;;;x;;
PROV502;Palma;;;;;;;;;x;;
PROV473;Ajaccio;;;;;;;;;x;;
PROV248;Auburn;;;;;;;;;x;;
PROV2520;Cîmpulung;;;;;;;;;x;;
PROV2222;San Juan;;;;;;;;;x;;
PROV2153;Victoria de Durango;;;;;;;;;x;;
PROV2153;Victoria de Durango;;;;;;;;;x;;
PROV2138;La Paz;;;;;;;;;x;;
PROV2184;San Francisco de Campeche;;;;;;;;;x;;
PROV2181;Tuxtla Gutiérrez;;;;;;;;;x;;
PROV2175;Pachuca;;;;;;;;;x;;
PROV2185;Chetumal;;;;;;;;;x;;
PROV2144;Toluca;;;;;;;;;x;;
PROV2155;Tlaxcala;;;;;;;;;x;;
PROV2139;Mexicali;;;;;;;;;x;;
PROV2310;Nuestra Señora de La Paz;;;;;;;;;x;;
PROV2315;San Bernardo de Tarija;;;;;;;;;x;;
PROV5168;La Asunción;;;;;;;;;x;;
PROV5169;El Picacho;;;;;;;;;x;;
PROV2333;Tumbes;;;;;;;;;x;;
PROV2308;Moquegua;;;;;;;;;x;;
PROV5170;Santa Cruz Septentrional;x;
PROV5171;Santa Cruz Meridional;x;
PROV5172;Copiapó;x;
PROV5173;Puerto Suarez;x;
PROV5174;Tarauaca;x;
PROV5175;Trentino;x;
PROV5176;Spa;x;
PROV5177;Kardla;x;
PROV5178;Marabitanas;x;
PROV2549;Acre;x;
PROV2322;Coquimbo;x;
