ABU;Trucial States of the Coast of Oman;;;;;;;;;;;;;x
ABU_ADJ;Trucial;;;;;;;;;;;;;x
AFG_absolute_monarchy;Emirate of Afghanistan;;;;;;;;;;;;;x
AFG_prussian_constitutionalism;Emirate of Afghanistan;;;;;;;;;;;;;x
AFG_hms_government;Emirate of Afghanistan;;;;;;;;;;;;;x
AFG_democracy;Republic of Afghanistan;;;;;;;;;;;;;x
AFG_presidential_dictatorship;Republic of Afghanistan;;;;;;;;;;;;;x
ALB_absolute_monarchy;Principality of Albania;;;;;;;;;;;;;x
ALB_prussian_constitutionalism;Principality of Albania;;;;;;;;;;;;;x
ALB_hms_government;Principality of Albania;;;;;;;;;;;;;x
ALB_democracy;Albanian Republic;;;;;;;;;;;;;x
ALB_presidential_dictatorship;Albanian Republic;;;;;;;;;;;;;x
ALB_proletarian_dictatorship;People's Republic of Albania;;;;;;;;;;;;;x
ALD_absolute_monarchy;Kingdom of Algiers;;;;;;;;;;;;;x
ALD_prussian_constitutionalism;Kingdom of Algiers;;;;;;;;;;;;;x
ALD_hms_government;Kingdom of Algiers;;;;;;;;;;;;;x
ALD_democracy;People's Democratic Republic of Algeria;;;;;;;;;;;;;x
ALD_presidential_dictatorship;People's Democratic Republic of Algeria;;;;;;;;;;;;;x
ANH_absolute_monarchy;Duchy of Anhalt;;;;;;;;;;;;;x
ANH_prussian_constitutionalism;Duchy of Anhalt;;;;;;;;;;;;;x
ANH_hms_government;Duchy of Anhalt;;;;;;;;;;;;;x
ANH_democracy;Free State of Anhalt;;;;;;;;;;;;;x
ANH_presidential_dictatorship;Free State of Anhalt;;;;;;;;;;;;;x
ARG_democracy;Argentine Republic;;;;;;;;;;;;;x
ARG_presidential_dictatorship;Argentine Republic;;;;;;;;;;;;;x
ARM_absolute_monarchy;Kingdom of Armenia;;;;;;;;;;;;;x
ARM_prussian_constitutionalism;Kingdom of Armenia;;;;;;;;;;;;;x
ARM_hms_government;Kingdom of Armenia;;;;;;;;;;;;;x
ARM_democracy;Republic of Armenia;;;;;;;;;;;;;x
ARM_presidential_dictatorship;Republic of Armenia;;;;;;;;;;;;;x
ARM_proletarian_dictatorship;Armenian Soviet Socialist Republic;;;;;;;;;;;;;x
AST_absolute_monarchy;Commonwealth of Australia;;;;;;;;;;;;;x
AST_prussian_constitutionalism;Commonwealth of Australia;;;;;;;;;;;;;x
AST_hms_government;Commonwealth of Australia;;;;;;;;;;;;;x
ATJ_absolute_monarchy;Kingdom of Aceh Darussalam;;;;;;;;;;;;;x
ATJ_prussian_constitutionalism;Kingdom of Aceh Darussalam;;;;;;;;;;;;;x
ATJ_hms_government;Kingdom of Aceh Darussalam;;;;;;;;;;;;;x
AUS_absolute_monarchy;Austrian Empire;;;;;;;;;;;;;x
AUS_prussian_constitutionalism;Austrian Empire;;;;;;;;;;;;;x
AUS_hms_government;Austrian Empire;;;;;;;;;;;;;x
AUS_democracy;Austrian Republic;;;;;;;;;;;;;x
AUS_presidential_dictatorship;Austrian Republic;;;;;;;;;;;;;x
AUS_fascist_dictatorship;Federal State of Austria;;;;;;;;;;;;;x
AWA_absolute_monarchy;Kingdom of Oudh;;;;;;;;;;;;;x
AWA_prussian_constitutionalism;Kingdom of Oudh;;;;;;;;;;;;;x
AWA_hms_government;Kingdom of Oudh;;;;;;;;;;;;;x
AZB_democracy;Azerbaijan Democratic Republic;;;;;;;;;;;;;x
AZB_presidential_dictatorship;Azerbaijan Democratic Republic;;;;;;;;;;;;;x
AZB_proletarian_dictatorship;Armenian Soviet Socialist Republic;;;;;;;;;;;;;x
BAD_absolute_monarchy;Grand Duchy of Baden;;;;;;;;;;;;;x
BAD_prussian_constitutionalism;Grand Duchy of Baden;;;;;;;;;;;;;x
BAD_hms_government;Grand Duchy of Baden;;;;;;;;;;;;;x
BAD_democracy;Republic of Baden;;;;;;;;;;;;;x
BAD_presidential_dictatorship;Republic of Baden;;;;;;;;;;;;;x
BAL_absolute_monarchy;Kingdom of Bali;;;;;;;;;;;;;x
BAL_prussian_constitutionalism;Kingdom of Bali;;;;;;;;;;;;;x
BAL_hms_government;Kingdom of Bali;;;;;;;;;;;;;x
BAV_absolute_monarchy;Kingdom of Bavaria;;;;;;;;;;;;;x
BAV_prussian_constitutionalism;Kingdom of Bavaria;;;;;;;;;;;;;x
BAV_hms_government;Kingdom of Bavaria;;;;;;;;;;;;;x
BAV_democracy;Free State of Bavaria;;;;;;;;;;;;;x
BAV_presidential_dictatorship;Free State of Bavaria;;;;;;;;;;;;;x
BAV_proletarian_dictatorship;Bavarian Soviet Republic;;;;;;;;;;;;;x
BEL_absolute_monarchy;Kingdom of Belgium;;;;;;;;;;;;;x
BEL_prussian_constitutionalism;Kingdom of Belgium;;;;;;;;;;;;;x
BEL_hms_government;Kingdom of Belgium;;;;;;;;;;;;;x
BHU_absolute_monarchy;Kingdom of Bhutan;;;;;;;;;;;;;x
BHU_prussian_constitutionalism;Kingdom of Bhutan;;;;;;;;;;;;;x
BHU_hms_government;Kingdom of Bhutan;;;;;;;;;;;;;x
BOH;Bohemia;BohÁò±e;BÈê¨men;;Bohemia;;;;;;;;;x
BOH_absolute_monarchy;Kingdom of Bohemia;;;;;;;;;;;;;x
BOH_prussian_constitutionalism;Kingdom of Bohemia;;;;;;;;;;;;;x
BOH_hms_government;Kingdom of Bohemia;;;;;;;;;;;;;x
BOH_democracy;Czech Republic;;;;;;;;;;;;;x
BOH_presidential_dictatorship;Czech Republic;;;;;;;;;;;;;x
BOL_democracy;Republic of BolÌvar;;;;;;;;;;;;;x
BOL_presidential_dictatorship;Republic of BolÌvar;;;;;;;;;;;;;x
BOS;Bosnia and Herzegovina;;;;;;;;;;;;;x
BOS_democracy;Republic of Bosnia and Herzegovina;;;;;;;;;;;;;x
BOS_presidential_dictatorship;Republic of Bosnia and Herzegovina;;;;;;;;;;;;;x
BRA_absolute_monarchy;Duchy of Brunswick;;;;;;;;;;;;;x
BRA_prussian_constitutionalism;Duchy of Brunswick;;;;;;;;;;;;;x
BRA_hms_government;Duchy of Brunswick;;;;;;;;;;;;;x
BRA_democracy;Free State of Brunswick;;;;;;;;;;;;;x
BRA_presidential_dictatorship;Free State of Brunswick;;;;;;;;;;;;;x
BRA_fascist_dictatorship;Free State of Brunswick;;;;;;;;;;;;;x
BRE_democracy;Free and Hanseatic City of Bremen;;;;;;;;;;;;;x
BRE_presidential_dictatorship;Free and Hanseatic City of Bremen;;;;;;;;;;;;;x
BRU_absolute_monarchy;Empire of Brunei;;;;;;;;;;;;;x
BRU_prussian_constitutionalism;Empire of Brunei;;;;;;;;;;;;;x
BRU_hms_government;Empire of Brunei;;;;;;;;;;;;;x
BRZ_absolute_monarchy;Empire of Brazil;;;;;;;;;;;;;x
BRZ_prussian_constitutionalism;Empire of Brazil;;;;;;;;;;;;;x
BRZ_hms_government;Empire of Brazil;;;;;;;;;;;;;x
BRZ_democracy;Republic of the United States of Brazil;;;;;;;;;;;;;x
BRZ_presidential_dictatorship;Republic of the United States of Brazil;;;;;;;;;;;;;x
BUK_absolute_monarchy;Emirate of Bukhara;;;;;;;;;;;;;x
BUK_prussian_constitutionalism;Emirate of Bukhara;;;;;;;;;;;;;x
BUK_hms_government;Emirate of Bukhara;;;;;;;;;;;;;x
BUK_proletarian_dictatorship;Bukharan People's Soviet Republic;;;;;;;;;;;;;x
BUL_absolute_monarchy;Tsardom of Bulgaria;;;;;;;;;;;;;x
BUL_prussian_constitutionalism;Tsardom of Bulgaria;;;;;;;;;;;;;x
BUL_hms_government;Tsardom of Bulgaria;;;;;;;;;;;;;x
BUL_democracy;Republic of Bulgaria;;;;;;;;;;;;;x
BUL_presidential_dictatorship;Republic of Bulgaria;;;;;;;;;;;;;x
BUL_proletarian_dictatorship;People's Republic of Bulgaria;;;;;;;;;;;;;x
BYE_democracy;Belarusian People's Republic;;;;;;;;;;;;;x
BYE_presidential_dictatorship;Belarusian People's Republic;;;;;;;;;;;;;x
BYE_proletarian_dictatorship;Byelorussian Soviet Socialist Republic;;;;;;;;;;;;;x
CAM_absolute_monarchy;Kingdom of Cambodia;;;;;;;;;;;;;x
CAM_prussian_constitutionalism;Kingdom of Cambodia;;;;;;;;;;;;;x
CAM_hms_government;Kingdom of Cambodia;;;;;;;;;;;;;x
CAT_democracy;Catalan Republic;;;;;;;;;;;;;x
CAT_presidential_dictatorship;Catalan Republic;;;;;;;;;;;;;x
CHI_absolute_monarchy;Great Qing;;;;;;;;;;;;;x
CHI_prussian_constitutionalism;Great Qing;;;;;;;;;;;;;x
CHI_hms_government;Great Qing;;;;;;;;;;;;;x
CHI_democracy;Republic of China;;;;;;;;;;;;;x
CHI_presidential_dictatorship;Republic of China;;;;;;;;;;;;;x
CHI_proletarian_dictatorship;People's Republic of China;;;;;;;;;;;;;x
CHL_democracy;Republic of Chile;;;;;;;;;;;;;x
CHL_presidential_dictatorship;Republic of Chile;;;;;;;;;;;;;x
CLM_democracy;Republic of Colombia;;;;;;;;;;;;;x
CLM_presidential_dictatorship;Republic of Colombia;;;;;;;;;;;;;x
COS_democracy;Republic of Costa Rica;;;;;;;;;;;;;x
COS_presidential_dictatorship;Republic of Costa Rica;;;;;;;;;;;;;x
CRE_democracy;Cretan State;;;;;;;;;;;;;x
CRE_presidential_dictatorship;Cretan State;;;;;;;;;;;;;x
CRI_absolute_monarchy;Crimean Khanate;;;;;;;;;;;;;x
CRI_prussian_constitutionalism;Crimean Khanate;;;;;;;;;;;;;x
CRI_hms_government;Crimean Khanate;;;;;;;;;;;;;x
CRI_democracy;Crimean People's Republic;;;;;;;;;;;;;x
CRI_presidential_dictatorship;Crimean People's Republic;;;;;;;;;;;;;x
CRI_proletarian_dictatorship;Taurida Soviet Socialist Republic;;;;;;;;;;;;;x
CRO_absolute_monarchy;Triune Kingdom of Croatia, Slavonia and Dalmatia;;;;;;;;;;;;;x
CRO_prussian_constitutionalism;Triune Kingdom of Croatia, Slavonia and Dalmatia;;;;;;;;;;;;;x
CRO_hms_government;Triune Kingdom of Croatia, Slavonia and Dalmatia;;;;;;;;;;;;;x
CRO_democracy;Republic of Croatia;;;;;;;;;;;;;x
CRO_presidential_dictatorship;Republic of Croatia;;;;;;;;;;;;;x
CRO_fascist_dictatorship;Independent State of Croatia;;;;;;;;;;;;;x
CSA;Confederate States of America;;;;;;;;;;;;;x
CUB_democracy;Republic of Cuba;;;;;;;;;;;;;x
CUB_presidential_dictatorship;Republic of Cuba;;;;;;;;;;;;;x
CZH_democracy;Czechoslovak Republic;;;;;;;;;;;;;x
CZH_presidential_dictatorship;Czechoslovak Republic;;;;;;;;;;;;;x
CZH_proletarian_dictatorship;Czechoslovak Socialist Republic;;;;;;;;;;;;;x
DAI_absolute_monarchy;Dai Nam quoc;;;;;;;;;;;;;x
DAI_prussian_constitutionalism;Dai Nam quoc;;;;;;;;;;;;;x
DAI_hms_government;Dai Nam quoc;;;;;;;;;;;;;x
DEN_absolute_monarchy;Kingdom of Denmark;;;;;;;;;;;;;x
DEN_prussian_constitutionalism;Kingdom of Denmark;;;;;;;;;;;;;x
DEN_hms_government;Kingdom of Denmark;;;;;;;;;;;;;x
DOM_democracy;Dominican Republic;;;;;;;;;;;;;x
DOM_presidential_dictatorship;Dominican Republic;;;;;;;;;;;;;x
ECU_democracy;Republic of Ecuador;;;;;;;;;;;;;x
ECU_presidential_dictatorship;Republic of Ecuador;;;;;;;;;;;;;x
EGY_absolute_monarchy;Sultanate of Egypt;;;;;;;;;;;;;x
EGY_fanatism;Islamic Rebels;;;;;;;;;;;;;x
EGY_prussian_constitutionalism;Sultanate of Egypt;;;;;;;;;;;;;x
EGY_hms_government;Sultanate of Egypt;;;;;;;;;;;;;x
ELS_democracy;Republic of El Salvador;;;;;;;;;;;;;x
ELS_presidential_dictatorship;Republic of El Salvador;;;;;;;;;;;;;x
EST_democracy;Republic of Estonia;;;;;;;;;;;;;x
EST_presidential_dictatorship;Republic of Estonia;;;;;;;;;;;;;x
EST_proletarian_dictatorship;Estonian Soviet Socialist Republic;;;;;;;;;;;;;x
ETH_absolute_monarchy;Ethiopian Empire;;;;;;;;;;;;;x
ETH_prussian_constitutionalism;Ethiopian Empire;;;;;;;;;;;;;x
ETH_hms_government;Ethiopian Empire;;;;;;;;;;;;;x
FIN_absolute_monarchy;Grand Principality of Finland;;;;;;;;;;;;;x
FIN_prussian_constitutionalism;Grand Principality of Finland;;;;;;;;;;;;;x
FIN_hms_government;Grand Principality of Finland;;;;;;;;;;;;;x
FIN_democracy;Republic of Finland;;;;;;;;;;;;;x
FIN_presidential_dictatorship;Republic of Finland;;;;;;;;;;;;;x
FRA_absolute_monarchy;French Empire;;;;;;;;;;;;;x
FRA_prussian_constitutionalism;French Empire;;;;;;;;;;;;;x
FRA_hms_government;Kingdom of France;;;;;;;;;;;;;x
FRA_democracy;French Republic;;;;;;;;;;;;;x
FRA_presidential_dictatorship;French Republic;;;;;;;;;;;;;x
FRM_democracy;Free City of Frankfurt;;;;;;;;;;;;;x
FRM_presidential_dictatorship;Free City of Frankfurt;;;;;;;;;;;;;x
GEO_absolute_monarchy;Kingdom of Georgia;;;;;;;;;;;;;x
GEO_prussian_constitutionalism;Kingdom of Georgia;;;;;;;;;;;;;x
GEO_hms_government;Kingdom of Georgia;;;;;;;;;;;;;x
GEO_democracy;Democratic Republic of Georgia;;;;;;;;;;;;;x
GEO_presidential_dictatorship;Democratic Republic of Georgia;;;;;;;;;;;;;x
GEO_proletarian_dictatorship;Georgian Soviet Socialist Republic;;;;;;;;;;;;;x
GER_absolute_monarchy;German Empire;;;;;;;;;;;;;x
GER_prussian_constitutionalism;German Empire;;;;;;;;;;;;;x
GER_hms_government;German Empire;;;;;;;;;;;;;x
GER_democracy;German Reich;;;;;;;;;;;;;x
GER_presidential_dictatorship;German Reich;;;;;;;;;;;;;x
GER_fascist_dictatorship;German Reich;;;;;;;;;;;;;x
GRE_absolute_monarchy;Kingdom of Greece;;;;;;;;;;;;;x
GRE_prussian_constitutionalism;Kingdom of Greece;;;;;;;;;;;;;x
GRE_hms_government;Kingdom of Greece;;;;;;;;;;;;;x
GRE_democracy;Hellenic Republic;;;;;;;;;;;;;x
GRE_presidential_dictatorship;Hellenic Republic;;;;;;;;;;;;;x
GRE_fascist_dictatorship;Hellenic State;;;;;;;;;;;;;x
GUA_democracy;Republic of Guatemala;;;;;;;;;;;;;x
GUA_presidential_dictatorship;Republic of Guatemala;;;;;;;;;;;;;x
HAI_absolute_monarchy;Empire of Haiti;;;;;;;;;;;;;x
HAI_prussian_constitutionalism;Empire of Haiti;;;;;;;;;;;;;x
HAI_hms_government;Empire of Haiti;;;;;;;;;;;;;x
HAI_democracy;Republic of Haiti;;;;;;;;;;;;;x
HAI_presidential_dictatorship;Republic of Haiti;;;;;;;;;;;;;x
HAM_democracy;Free and Hanseatic City of Hamburg;;;;;;;;;;;;;x
HAM_presidential_dictatorship;Free and Hanseatic City of Hamburg;;;;;;;;;;;;;x
HAN_absolute_monarchy;Kingdom of Hanover;;;;;;;;;;;;;x
HAN_prussian_constitutionalism;Kingdom of Hanover;;;;;;;;;;;;;x
HAN_hms_government;Kingdom of Hanover;;;;;;;;;;;;;x
HAW_absolute_monarchy;Kingdom of Hawaii;;;;;;;;;;;;;x
HAW_prussian_constitutionalism;Kingdom of Hawaii;;;;;;;;;;;;;x
HAW_hms_government;Kingdom of Hawaii;;;;;;;;;;;;;x
HAW_democracy;Republic of Hawai?i;;;;;;;;;;;;;x
HAW_presidential_dictatorship;Republic of Hawai?i;;;;;;;;;;;;;x
HDJ_absolute_monarchy;Hashemite Kingdom of Hejaz;;;;;;;;;;;;;x
HDJ_prussian_constitutionalism;Hashemite Kingdom of Hejaz;;;;;;;;;;;;;x
HDJ_hms_government;Hashemite Kingdom of Hejaz;;;;;;;;;;;;;x
HEK_absolute_monarchy;Electorate of Hesse;;;;;;;;;;;;;x
HEK_prussian_constitutionalism;Electorate of Hesse;;;;;;;;;;;;;x
HEK_hms_government;Electorate of Hesse;;;;;;;;;;;;;x
HES_absolute_monarchy;Grand Duchy of Hesse and by Rhine;;;;;;;;;;;;;x
HES_prussian_constitutionalism;Grand Duchy of Hesse and by Rhine;;;;;;;;;;;;;x
HES_hms_government;Grand Duchy of Hesse and by Rhine;;;;;;;;;;;;;x
HES_democracy;People's State of Hesse;;;;;;;;;;;;;x
HES_presidential_dictatorship;People's State of Hesse;;;;;;;;;;;;;x
HOL_absolute_monarchy;Duchy of Holstein;;;;;;;;;;;;;x
HOL_prussian_constitutionalism;Duchy of Holstein;;;;;;;;;;;;;x
HOL_hms_government;Duchy of Holstein;;;;;;;;;;;;;x
HON_democracy;Republic of Honduras;;;;;;;;;;;;;x
HON_presidential_dictatorship;Republic of Honduras;;;;;;;;;;;;;x
HUN_absolute_monarchy;Kingdom of Hungary;;;;;;;;;;;;;x
HUN_prussian_constitutionalism;Kingdom of Hungary;;;;;;;;;;;;;x
HUN_hms_government;Kingdom of Hungary;;;;;;;;;;;;;x
HUN_democracy;Hungarian Republic;;;;;;;;;;;;;x
HUN_presidential_dictatorship;Hungarian Republic;;;;;;;;;;;;;x
HUN_proletarian_dictatorship;Hungarian Soviet Republic;;;;;;;;;;;;;x
ICL_absolute_monarchy;Kingdom of Iceland;;;;;;;;;;;;;x
ICL_prussian_constitutionalism;Kingdom of Iceland;;;;;;;;;;;;;x
ICL_hms_government;Kingdom of Iceland;;;;;;;;;;;;;x
ION_democracy;United States of the Ionian Islands;;;;;;;;;;;;;x
ION_presidential_dictatorship;United States of the Ionian Islands;;;;;;;;;;;;;x
IRE_absolute_monarchy;Irish Free State;;;;;;;;;;;;;x
IRE_prussian_constitutionalism;Irish Free State;;;;;;;;;;;;;x
IRE_hms_government;Irish Free State;;;;;;;;;;;;;x
IRE_democracy;Irish Republic;;;;;;;;;;;;;x
IRE_presidential_dictatorship;Irish Republic;;;;;;;;;;;;;x
IRQ_absolute_monarchy;Hashemite Kingdom of Iraq;;;;;;;;;;;;;x
IRQ_prussian_constitutionalism;Hashemite Kingdom of Iraq;;;;;;;;;;;;;x
IRQ_hms_government;Hashemite Kingdom of Iraq;;;;;;;;;;;;;x
ITA_absolute_monarchy;Kingdom of Italy;;;;;;;;;;;;;x
ITA_prussian_constitutionalism;Kingdom of Italy;;;;;;;;;;;;;x
ITA_hms_government;Kingdom of Italy;;;;;;;;;;;;;x
ITA_democracy;Italian Republic;;;;;;;;;;;;;x
ITA_presidential_dictatorship;Italian Republic;;;;;;;;;;;;;x
ITA_fascist_dictatorship;Kingdom of Italy;;;;;;;;;;;;;x
JAP_absolute_monarchy;Empire of Great Japan;;;;;;;;;;;;;x
JAP_prussian_constitutionalism;Empire of Great Japan;;;;;;;;;;;;;x
JAP_hms_government;Empire of Great Japan;;;;;;;;;;;;;x
JOH_absolute_monarchy;Johor Sultanate;;;;;;;;;;;;;x
JOH_prussian_constitutionalism;Johor Sultanate;;;;;;;;;;;;;x
JOH_hms_government;Johor Sultanate;;;;;;;;;;;;;x
KAL_absolute_monarchy;Khanate of Kalat;;;;;;;;;;;;;x
KAL_prussian_constitutionalism;Khanate of Kalat;;;;;;;;;;;;;x
KAL_hms_government;Khanate of Kalat;;;;;;;;;;;;;x
KAS;Jammu and Kashmir;;;;;;;;;;;;;x
KHI_absolute_monarchy;Khanate of Khiva;;;;;;;;;;;;;x
KHI_prussian_constitutionalism;Khanate of Khiva;;;;;;;;;;;;;x
KHI_hms_government;Khanate of Khiva;;;;;;;;;;;;;x
KHI_proletarian_dictatorship;Khorezm People's Soviet Republic;;;;;;;;;;;;;x
KOK_absolute_monarchy;Khanate of Kokand;;;;;;;;;;;;;x
KOK_prussian_constitutionalism;Khanate of Kokand;;;;;;;;;;;;;x
KOK_hms_government;Khanate of Kokand;;;;;;;;;;;;;x
KOR_absolute_monarchy;Korean Empire;;;;;;;;;;;;;x
KOR_prussian_constitutionalism;Korean Empire;;;;;;;;;;;;;x
KOR_hms_government;Korean Empire;;;;;;;;;;;;;x
KRA_democracy;Free City of Cracow;;;;;;;;;;;;;x
KRA_presidential_dictatorship;Free City of Cracow;;;;;;;;;;;;;x
KUK_absolute_monarchy;Austro-Hungarian Monarchy;;;;;;;;;;;;;x
KUK_prussian_constitutionalism;Austro-Hungarian Monarchy;;;;;;;;;;;;;x
KUK_hms_government;Austro-Hungarian Monarchy;;;;;;;;;;;;;x
LAD_absolute_monarchy;Kingdom of Ladakh;;;;;;;;;;;;;x
LAD_prussian_constitutionalism;Kingdom of Ladakh;;;;;;;;;;;;;x
LAD_hms_government;Kingdom of Ladakh;;;;;;;;;;;;;x
LAT_democracy;Republic of Latvia;;;;;;;;;;;;;x
LAT_presidential_dictatorship;Republic of Latvia;;;;;;;;;;;;;x
LAT_proletarian_dictatorship;Latvian Soviet Socialist Republic;;;;;;;;;;;;;x
LIB_democracy;Republic of Liberia;;;;;;;;;;;;;x
LIB_presidential_dictatorship;Republic of Liberia;;;;;;;;;;;;;x
LIP_absolute_monarchy;Principality of Lippe;;;;;;;;;;;;;x
LIP_prussian_constitutionalism;Principality of Lippe;;;;;;;;;;;;;x
LIP_hms_government;Principality of Lippe;;;;;;;;;;;;;x
LIP_democracy;Free State of Lippe;;;;;;;;;;;;;x
LIP_presidential_dictatorship;Free State of Lippe;;;;;;;;;;;;;x
LIT_absolute_monarchy;Kingdom of Lithuania;;;;;;;;;;;;;x
LIT_prussian_constitutionalism;Kingdom of Lithuania;;;;;;;;;;;;;x
LIT_hms_government;Kingdom of Lithuania;;;;;;;;;;;;;x
LIT_democracy;Republic of Lithuania;;;;;;;;;;;;;x
LIT_presidential_dictatorship;Republic of Lithuania;;;;;;;;;;;;;x
LIT_proletarian_dictatorship;Lithuanian Soviet Socialist Republic;;;;;;;;;;;;;x
LUB_democracy;Free and Hanseatic City of L¸beck;;;;;;;;;;;;;x
LUB_presidential_dictatorship;Free and Hanseatic City of L¸beck;;;;;;;;;;;;;x
LUC_absolute_monarchy;Duchy of Lucca;;;;;;;;;;;;;x
LUC_prussian_constitutionalism;Duchy of Lucca;;;;;;;;;;;;;x
LUC_hms_government;Duchy of Lucca;;;;;;;;;;;;;x
LUX_absolute_monarchy;Grand Duchy of Luxembourg;;;;;;;;;;;;;x
LUX_prussian_constitutionalism;Grand Duchy of Luxembourg;;;;;;;;;;;;;x
LUX_hms_government;Grand Duchy of Luxembourg;;;;;;;;;;;;;x
MEC_absolute_monarchy;Grand Duchy of Mecklenburg-Schwerin;;;;;;;;;;;;;x
MEC_prussian_constitutionalism;Grand Duchy of Mecklenburg-Schwerin;;;;;;;;;;;;;x
MEC_hms_government;Grand Duchy of Mecklenburg-Schwerin;;;;;;;;;;;;;x
MEC_democracy;Free State of Mecklenburg-Schwerin;;;;;;;;;;;;;x
MEC_presidential_dictatorship;Free State of Mecklenburg-Schwerin;;;;;;;;;;;;;x
MEX_absolute_monarchy;Mexican Empire;;;;;;;;;;;;;x
MEX_prussian_constitutionalism;Mexican Empire;;;;;;;;;;;;;x
MEX_hms_government;Mexican Empire;;;;;;;;;;;;;x
MEX_democracy;United Mexican States;;;;;;;;;;;;;x
MEX_presidential_dictatorship;United Mexican States;;;;;;;;;;;;;x
MGL_absolute_monarchy;Great Mongolian State;;;;;;;;;;;;;x
MGL_prussian_constitutionalism;Great Mongolian State;;;;;;;;;;;;;x
MGL_hms_government;Great Mongolian State;;;;;;;;;;;;;x
MGL_proletarian_dictatorship;Mongolian People's Republic;;;;;;;;;;;;;x
MOD_absolute_monarchy;Duchy of Modena and Reggio;;;;;;;;;;;;;x
MOD_prussian_constitutionalism;Duchy of Modena and Reggio;;;;;;;;;;;;;x
MOD_hms_government;Duchy of Modena and Reggio;;;;;;;;;;;;;x
MOL_absolute_monarchy;Principality of Moldavia;;;;;;;;;;;;;x;;;;
MOL_prussian_constitutionalism;Principality of Moldavia;;;;;;;;;;;;;x;;;;
MOL_hms_government;Principality of Moldavia;;;;;;;;;;;;;x;;;;
MOL_democracy;Moldavian Democratic Republic;;;;;;;;;;;;;x;;;;
MOL_presidential_dictatorship;Moldavian Democratic Republic;;;;;;;;;;;;;x;;;;
MOL_proletarian_dictatorship;Moldavian Soviet¬†Socialist Republic;;;;;;;;;;;;;x;;;;
MOL_presidential_dictatorship;Moldavian Democratic Republic;;;;;;;;;;;;;
MON_absolute_monarchy;Principality of Montenegro;;;;;;;;;;;;;x
MON_prussian_constitutionalism;Principality of Montenegro;;;;;;;;;;;;;x
MON_hms_government;Principality of Montenegro;;;;;;;;;;;;;x
MOR_absolute_monarchy;Sultanate of Morocco;;;;;;;;;;;;;x
MOR_prussian_constitutionalism;Sultanate of Morocco;;;;;;;;;;;;;x
MOR_hms_government;Sultanate of Morocco;;;;;;;;;;;;;x
MUG_absolute_monarchy;Mughal Empire;;;;;;;;;;;;;x
MUG_prussian_constitutionalism;Mughal Empire;;;;;;;;;;;;;x
MUG_hms_government;Mughal Empire;;;;;;;;;;;;;x
MYS_absolute_monarchy;Kingdom of Mysore;;;;;;;;;;;;;x
MYS_prussian_constitutionalism;Kingdom of Mysore;;;;;;;;;;;;;x
MYS_hms_government;Kingdom of Mysore;;;;;;;;;;;;;x
NAL_democracy;Natalia Republic;;;;;;;;;;;;;x
NAL_presidential_dictatorship;Natalia Republic;;;;;;;;;;;;;x
NAS_absolute_monarchy;Duchy of Nassau;;;;;;;;;;;;;x
NAS_prussian_constitutionalism;Duchy of Nassau;;;;;;;;;;;;;x
NAS_hms_government;Duchy of Nassau;;;;;;;;;;;;;x
NEJ_absolute_monarchy;Emirate of Nejd;;;;;;;;;;;;;x
NEJ_prussian_constitutionalism;Emirate of Nejd;;;;;;;;;;;;;x
NEJ_hms_government;Emirate of Nejd;;;;;;;;;;;;;x
NEP_absolute_monarchy;Kingdom of Nepal;;;;;;;;;;;;;x
NEP_prussian_constitutionalism;Kingdom of Nepal;;;;;;;;;;;;;x
NEP_hms_government;Kingdom of Nepal;;;;;;;;;;;;;x
NET_absolute_monarchy;Kingdom of the Netherlands;;;;;;;;;;;;;x
NET_prussian_constitutionalism;Kingdom of the Netherlands;;;;;;;;;;;;;x
NET_hms_government;Kingdom of the Netherlands;;;;;;;;;;;;;x
NEW;Newfoundland;;;;;;;;;;;;;x
NGF;North German Confederation;;;;;;;;;;;;;x
NIC_democracy;Republic of Nicaragua;;;;;;;;;;;;;x
NIC_presidential_dictatorship;Republic of Nicaragua;;;;;;;;;;;;;x
NOR_absolute_monarchy;Kingdom of Norway;;;;;;;;;;;;;x
NOR_prussian_constitutionalism;Kingdom of Norway;;;;;;;;;;;;;x
NOR_hms_government;Kingdom of Norway;;;;;;;;;;;;;x
OLD_absolute_monarchy;Grand Duchy of Oldenburg;;;;;;;;;;;;;x
OLD_prussian_constitutionalism;Grand Duchy of Oldenburg;;;;;;;;;;;;;x
OLD_hms_government;Grand Duchy of Oldenburg;;;;;;;;;;;;;x
OLD_democracy;Free State of Oldenburg;;;;;;;;;;;;;x
OLD_presidential_dictatorship;Free State of Oldenburg;;;;;;;;;;;;;x
OMA_absolute_monarchy;Sultanate of Muscat and Oman;;;;;;;;;;;;;x
OMA_prussian_constitutionalism;Sultanate of Muscat and Oman;;;;;;;;;;;;;x
OMA_hms_government;Sultanate of Muscat and Oman;;;;;;;;;;;;;x
ORA_democracy;Orange Free State;;;;;;;;;;;;;x
ORA_presidential_dictatorship;Orange Free State;;;;;;;;;;;;;x
PAN_absolute_monarchy;Sikh Empire;;;;;;;;;;;;;x
PAN_prussian_constitutionalism;Sikh Empire;;;;;;;;;;;;;x
PAN_hms_government;Sikh Empire;;;;;;;;;;;;;x
PAP_absolute_monarchy;State of the Church;;;;;;;;;;;;;x
PAP_prussian_constitutionalism;State of the Church;;;;;;;;;;;;;x
PAP_hms_government;State of the Church;;;;;;;;;;;;;x
PAP_democracy;Roman Republic;;;;;;;;;;;;;x
PAP_presidential_dictatorship;Roman Republic;;;;;;;;;;;;;x
PAR_absolute_monarchy;Duchy of Parma;;;;;;;;;;;;;x
PAR_prussian_constitutionalism;Duchy of Parma;;;;;;;;;;;;;x
PAR_hms_government;Duchy of Parma;;;;;;;;;;;;;x
PER_absolute_monarchy;Sublime State of Persia;;;;;;;;;;;;;x
PER_prussian_constitutionalism;Sublime State of Persia;;;;;;;;;;;;;x
PER_hms_government;Sublime State of Persia;;;;;;;;;;;;;x
PER_proletarian_dictatorship;Persian Socialist Soviet Republic;;;;;;;;;;;;;x
PEU_democracy;Republic of Peru;;;;;;;;;;;;;x
PEU_presidential_dictatorship;Republic of Peru;;;;;;;;;;;;;x
PHI_democracy;Philippine Republic;;;;;;;;;;;;;x
PHI_presidential_dictatorship;Philippine Republic;;;;;;;;;;;;;x
PNM_democracy;Republic of Panama;;;;;;;;;;;;;x
PNM_presidential_dictatorship;Republic of Panama;;;;;;;;;;;;;x
POL_absolute_monarchy;Kingdom of Poland;;;;;;;;;;;;;x
POL_prussian_constitutionalism;Kingdom of Poland;;;;;;;;;;;;;x
POL_hms_government;Kingdom of Poland;;;;;;;;;;;;;x
POL_democracy;Republic of Poland;;;;;;;;;;;;;x
POL_presidential_dictatorship;Republic of Poland;;;;;;;;;;;;;x
POR_absolute_monarchy;Kingdom of Portugal;;;;;;;;;;;;;x
POR_prussian_constitutionalism;Kingdom of Portugal;;;;;;;;;;;;;x
POR_hms_government;Kingdom of Portugal;;;;;;;;;;;;;x
POR_democracy;Portuguese Republic;;;;;;;;;;;;;x
POR_presidential_dictatorship;Portuguese Republic;;;;;;;;;;;;;x
PRG_democracy;Republic of Paraguay;;;;;;;;;;;;;x
PRG_presidential_dictatorship;Republic of Paraguay;;;;;;;;;;;;;x
PRU_absolute_monarchy;Kingdom of Prussia;;;;;;;;;;;;;x
PRU_prussian_constitutionalism;Kingdom of Prussia;;;;;;;;;;;;;x
PRU_hms_government;Kingdom of Prussia;;;;;;;;;;;;;x
PRU_democracy;Free State of Prussia;;;;;;;;;;;;;x
PRU_presidential_dictatorship;Free State of Prussia;;;;;;;;;;;;;x
ROM_absolute_monarchy;Kingdom of Romania;;;;;;;;;;;;;x
ROM_prussian_constitutionalism;Kingdom of Romania;;;;;;;;;;;;;x
ROM_hms_government;Kingdom of Romania;;;;;;;;;;;;;x
RUS_absolute_monarchy;Russian Empire;;;;;;;;;;;;;x
RUS_prussian_constitutionalism;Russian Empire;;;;;;;;;;;;;x
RUS_hms_government;Russian Empire;;;;;;;;;;;;;x
RUS_democracy;Russian Republic;;;;;;;;;;;;;x
RUS_presidential_dictatorship;Russian Republic;;;;;;;;;;;;;x
RUS_proletarian_dictatorship;Union of Soviet Socialist Republics;;;;;;;;;;;;;x
RUT_absolute_monarchy;Kingdom of Galicia and Lodomeria;;;;;;;;;;;;;x
RUT_prussian_constitutionalism;Kingdom of Galicia and Lodomeria;;;;;;;;;;;;;x
RUT_hms_government;Kingdom of Galicia and Lodomeria;;;;;;;;;;;;;x
RUT_democracy;West Ukrainian People's Republic;;;;;;;;;;;;;x
RUT_proletarian_dictatorship;Galician Soviet Socialist Republic;;;;;;;;;;;;;x
SAF_absolute_monarchy;Union of South Africa;;;;;;;;;;;;;x
SAF_prussian_constitutionalism;Union of South Africa;;;;;;;;;;;;;x
SAF_hms_government;Union of South Africa;;;;;;;;;;;;;x
SAF_democracy;Republic of South Africa;;;;;;;;;;;;;x
SAF_presidential_dictatorship;Republic of South Africa;;;;;;;;;;;;;x
SAR_absolute_monarchy;Kingdom of Sardinia;;;;;;;;;;;;;x
SAR_prussian_constitutionalism;Kingdom of Sardinia;;;;;;;;;;;;;x
SAR_hms_government;Kingdom of Sardinia;;;;;;;;;;;;;x
SAX_absolute_monarchy;Kingdom of Saxony;;;;;;;;;;;;;x
SAX_prussian_constitutionalism;Kingdom of Saxony;;;;;;;;;;;;;x
SAX_hms_government;Kingdom of Saxony;;;;;;;;;;;;;x
SAX_democracy;Free State of Saxony;;;;;;;;;;;;;x
SAX_presidential_dictatorship;Free State of Saxony;;;;;;;;;;;;;x
SCH_absolute_monarchy;Duchy of Schleswig;;;;;;;;;;;;;x
SCH_prussian_constitutionalism;Duchy of Schleswig;;;;;;;;;;;;;x
SCH_hms_government;Duchy of Schleswig;;;;;;;;;;;;;x
SER_absolute_monarchy;Kingdom of Serbia;;;;;;;;;;;;;x
SER_prussian_constitutionalism;Kingdom of Serbia;;;;;;;;;;;;;x
SER_hms_government;Kingdom of Serbia;;;;;;;;;;;;;x
SIA_absolute_monarchy;Kingdom of Siam;;;;;;;;;;;;;x
SIA_prussian_constitutionalism;Kingdom of Siam;;;;;;;;;;;;;x
SIA_hms_government;Kingdom of Siam;;;;;;;;;;;;;x
SIC_absolute_monarchy;Kingdom of the Two Sicilies;;;;;;;;;;;;;x
SIC_prussian_constitutionalism;Kingdom of the Two Sicilies;;;;;;;;;;;;;x
SIC_hms_government;Kingdom of the Two Sicilies;;;;;;;;;;;;;x
SIE;Transylvania;;;;;;;;;;;;;x
SIE_absolute_monarchy;Grand Principality of Transylvania;;;;;;;;;;;;;x
SIE_prussian_constitutionalism;Grand Principality of Transylvania;;;;;;;;;;;;;x
SIE_hms_government;Grand Principality of Transylvania;;;;;;;;;;;;;x
SIK_absolute_monarchy;Kingdom of Sikkim;;;;;;;;;;;;;x
SIK_prussian_constitutionalism;Kingdom of Sikkim;;;;;;;;;;;;;x
SIK_hms_government;Kingdom of Sikkim;;;;;;;;;;;;;x
SLO_absolute_monarchy;Kingdom of Illyria;;;;;;;;;;;;;x
SLO_prussian_constitutionalism;Kingdom of Illyria;;;;;;;;;;;;;x
SLO_hms_government;Kingdom of Illyria;;;;;;;;;;;;;x
SLO_democracy;Republic of Slovenia;;;;;;;;;;;;;x
SLO_presidential_dictatorship;Republic of Slovenia;;;;;;;;;;;;;x
SLV_democracy;Slovak Republic;;;;;;;;;;;;;x
SLV_presidential_dictatorship;Slovak Republic;;;;;;;;;;;;;x
SLV_fascist_dictatorship;Slovak Republic;;;;;;;;;;;;;x
SOK_absolute_monarchy;Caliphal State in the Bilad as-Sudan;;;;;;;;;;;;;x
SOK_prussian_constitutionalism;Caliphal State in the Bilad as-Sudan;;;;;;;;;;;;;x
SOK_hms_government;Caliphal State in the Bilad as-Sudan;;;;;;;;;;;;;x
SPA_absolute_monarchy;Kingdom of Spain;;;;;;;;;;;;;x
SPA_prussian_constitutionalism;Kingdom of Spain;;;;;;;;;;;;;x
SPA_hms_government;Kingdom of Spain;;;;;;;;;;;;;x
SPA_democracy;Spanish Republic;;;;;;;;;;;;;x
SPA_presidential_dictatorship;Spanish Republic;;;;;;;;;;;;;x
SPA_proletarian_dictatorship;Spanish Republic;;;;;;;;;;;;;x
SPA_fascist_dictatorship;Spanish State;;;;;;;;;;;;;x
SWE_absolute_monarchy;Kingdom of Sweden;;;;;;;;;;;;;x
SWE_prussian_constitutionalism;Kingdom of Sweden;;;;;;;;;;;;;x
SWE_hms_government;Kingdom of Sweden;;;;;;;;;;;;;x
SWI_democracy;Swiss Confederation;;;;;;;;;;;;;x
SWI_presidential_dictatorship;Swiss Confederation;;;;;;;;;;;;;x
TEX_democracy;Republic of Texas;;;;;;;;;;;;;x
TEX_presidential_dictatorship;Republic of Texas;;;;;;;;;;;;;x
TIB_absolute_monarchy;Kingdom of Tibet;;;;;;;;;;;;;x
TIB_prussian_constitutionalism;Kingdom of Tibet;;;;;;;;;;;;;x
TIB_hms_government;Kingdom of Tibet;;;;;;;;;;;;;x
TPG_absolute_monarchy;Heavenly Kingdom of Great Peace;;;;;;;;;;;;;x
TPG_prussian_constitutionalism;Heavenly Kingdom of Great Peace;;;;;;;;;;;;;x
TPG_hms_government;Heavenly Kingdom of Great Peace;;;;;;;;;;;;;x
TRA_absolute_monarchy;Kingdom of Travancore;;;;;;;;;;;;;x
TRA_prussian_constitutionalism;Kingdom of Travancore;;;;;;;;;;;;;x
TRA_hms_government;Kingdom of Travancore;;;;;;;;;;;;;x
TRI_absolute_monarchy;Kingdom of Tripoli;;;;;;;;;;;;;x
TRI_prussian_constitutionalism;Kingdom of Tripoli;;;;;;;;;;;;;x
TRI_hms_government;Kingdom of Tripoli;;;;;;;;;;;;;x
TRN_democracy;South African Republic;;;;;;;;;;;;;x
TRN_presidential_dictatorship;South African Republic;;;;;;;;;;;;;x
TUN_absolute_monarchy;Kingdom of Tunisia;;;;;;;;;;;;;x
TUN_prussian_constitutionalism;Kingdom of Tunisia;;;;;;;;;;;;;x
TUN_hms_government;Kingdom of Tunisia;;;;;;;;;;;;;x
TUN_democracy;Republic of Tunisia;;;;;;;;;;;;;x
TUN_presidential_dictatorship;Republic of Tunisia;;;;;;;;;;;;;x
TUR_absolute_monarchy;Sublime Ottoman State;;;;;;;;;;;;;x
TUR_prussian_constitutionalism;Sublime Ottoman State;;;;;;;;;;;;;x
TUR_hms_government;Sublime Ottoman State;;;;;;;;;;;;;x
TUR_democracy;Republic of Turkey;;;;;;;;;;;;;x
TUR_presidential_dictatorship;Republic of Turkey;;;;;;;;;;;;;x
TUS_absolute_monarchy;Grand Duchy of Tuscany;;;;;;;;;;;;;x
TUS_prussian_constitutionalism;Grand Duchy of Tuscany;;;;;;;;;;;;;x
TUS_hms_government;Grand Duchy of Tuscany;;;;;;;;;;;;;x
UBD_absolute_monarchy;United Baltic Duchy;;;;;;;;;;;;;x
UBD_prussian_constitutionalism;United Baltic Duchy;;;;;;;;;;;;;x
UBD_hms_government;United Baltic Duchy;;;;;;;;;;;;;x
UCA;Central America;;;;;;;;;;;;;x
UCA_democracy;Federal Republic†of Central America;;;;;;;;;;;;;x
UCA_presidential_dictatorship;Federal Republic†of Central America;;;;;;;;;;;;;x
UKR_absolute_monarchy;Ukrainian State;;;;;;;;;;;;;x
UKR_prussian_constitutionalism;Ukrainian State;;;;;;;;;;;;;x
UKR_hms_government;Ukrainian State;;;;;;;;;;;;;x
UKR_democracy;Ukrainian People's Republic;;;;;;;;;;;;;x
UKR_presidential_dictatorship;Ukrainian People's Republic;;;;;;;;;;;;;x
UKR_proletarian_dictatorship;Ukrainian Soviet Socialist Republic;;;;;;;;;;;;;x
URU_democracy;Oriental Republic of Uruguay;;;;;;;;;;;;;x
URU_presidential_dictatorship;Oriental Republic of Uruguay;;;;;;;;;;;;;x
USA;United States of America;;;;;;;;;;;;;x
LOM;LombardyñVenetia;;;;;;;;;;;;;x
LOM_ADJ;LombardyñVenetian;;;;;;;;;;;;;x
LOM_absolute_monarchy;Kingdom of LombardyñVenetia;;;;;;;;;;;;;x
LOM_prussian_constitutionalism;Kingdom of LombardyñVenetia;;;;;;;;;;;;;x
LOM_hms_government;Kingdom of LombardyñVenetia;;;;;;;;;;;;;x
VEN_democracy;Republic of San Marco;;;;;;;;;;;;;x
VEN_presidential_dictatorship;Republic of San Marco;;;;;;;;;;;;;x
VNZ_democracy;United States of Venezuela;;;;;;;;;;;;;x
VNZ_presidential_dictatorship;United States of Venezuela;;;;;;;;;;;;;x
WAL_absolute_monarchy;Principality of Wallachia;;;;;;;;;;;;;x
WAL_prussian_constitutionalism;Principality of Wallachia;;;;;;;;;;;;;x
WAL_hms_government;Principality of Wallachia;;;;;;;;;;;;;x
WEI_absolute_monarchy;Duchy of Saxe-Weimar-Eisenach;;;;;;;;;;;;;x
WEI_prussian_constitutionalism;Duchy of Saxe-Weimar-Eisenach;;;;;;;;;;;;;x
WEI_hms_government;Duchy of Saxe-Weimar-Eisenach;;;;;;;;;;;;;x
WEI_democracy;Free State of Saxe-Weimar-Eisenach;;;;;;;;;;;;;x
WEI_presidential_dictatorship;Free State of Saxe-Weimar-Eisenach;;;;;;;;;;;;;x
WIA_absolute_monarchy;Kingdom of Vientiane;;;;;;;;;;;;;x
WIA_prussian_constitutionalism;Kingdom of Vientiane;;;;;;;;;;;;;x
WIA_hms_government;Kingdom of Vientiane;;;;;;;;;;;;;x
WUR_absolute_monarchy;Kingdom of W¸rttemberg;;;;;;;;;;;;;x
WUR_prussian_constitutionalism;Kingdom of W¸rttemberg;;;;;;;;;;;;;x
WUR_hms_government;Kingdom of W¸rttemberg;;;;;;;;;;;;;x
WUR_democracy;Free People's State of W¸rttemberg;;;;;;;;;;;;;x
WUR_presidential_dictatorship;Free People's State of W¸rttemberg;;;;;;;;;;;;;x
YEM_absolute_monarchy;Zaidi Immamate;;;;;;;;;;;;;x
YEM_prussian_constitutionalism;Zaidi Immamate;;;;;;;;;;;;;x
YEM_hms_government;Zaidi Immamate;;;;;;;;;;;;;x
YUG_absolute_monarchy;Kingdom of Yugoslavia;;;;;;;;;;;;;x
YUG_prussian_constitutionalism;Kingdom of Yugoslavia;;;;;;;;;;;;;x
YUG_hms_government;Kingdom of Yugoslavia;;;;;;;;;;;;;x
ZAN_absolute_monarchy;Sultanate of Zanzibar;;;;;;;;;;;;;x
ZAN_prussian_constitutionalism;Sultanate of Zanzibar;;;;;;;;;;;;;x
ZAN_hms_government;Sultanate of Zanzibar;;;;;;;;;;;;;x
ZUL_absolute_monarchy;Kingdom of Zululand;;;;;;;;;;;;;x
ZUL_prussian_constitutionalism;Kingdom of Zululand;;;;;;;;;;;;;x
ZUL_hms_government;Kingdom of Zululand;;;;;;;;;;;;;x
D01;$REGION$;;;;;;;;;;;;;x
D01_ADJ;$REGION$;;;;;;;;;;;;;x
D02;$REGION$;;;;;;;;;;;;;x
D02_ADJ;$REGION$;;;;;;;;;;;;;x
D03;$REGION$;;;;;;;;;;;;;x
D03_ADJ;$REGION$;;;;;;;;;;;;;x
D04;$REGION$;;;;;;;;;;;;;x
D04_ADJ;$REGION$;;;;;;;;;;;;;x
D05;$REGION$;;;;;;;;;;;;;x
D05_ADJ;$REGION$;;;;;;;;;;;;;x
D06;$REGION$;;;;;;;;;;;;;x
D06_ADJ;$REGION$;;;;;;;;;;;;;x
D07;$REGION$;;;;;;;;;;;;;x
D07_ADJ;$REGION$;;;;;;;;;;;;;x
D08;$REGION$;;;;;;;;;;;;;x
D08_ADJ;$REGION$;;;;;;;;;;;;;x
D09;$REGION$;;;;;;;;;;;;;x
D09_ADJ;$REGION$;;;;;;;;;;;;;x
D10;$REGION$;;;;;;;;;;;;;x
D10_ADJ;$REGION$;;;;;;;;;;;;;x
D11;$REGION$;;;;;;;;;;;;;x
D11_ADJ;$REGION$;;;;;;;;;;;;;x
D12;$REGION$;;;;;;;;;;;;;x
D12_ADJ;$REGION$;;;;;;;;;;;;;x
D13;$REGION$;;;;;;;;;;;;;x
D13_ADJ;$REGION$;;;;;;;;;;;;;x
D14;$REGION$;;;;;;;;;;;;;x
D14_ADJ;$REGION$;;;;;;;;;;;;;x
D15;$REGION$;;;;;;;;;;;;;x
D15_ADJ;$REGION$;;;;;;;;;;;;;x
D16;$REGION$;;;;;;;;;;;;;x
D16_ADJ;$REGION$;;;;;;;;;;;;;x
D17;$REGION$;;;;;;;;;;;;;x
D17_ADJ;$REGION$;;;;;;;;;;;;;x
D18;$REGION$;;;;;;;;;;;;;x
D18_ADJ;$REGION$;;;;;;;;;;;;;x
D19;$REGION$;;;;;;;;;;;;;x
D19_ADJ;$REGION$;;;;;;;;;;;;;x
D20;$REGION$;;;;;;;;;;;;;x
D20_ADJ;$REGION$;;;;;;;;;;;;;x
D21;$REGION$;;;;;;;;;;;;;x
D21_ADJ;$REGION$;;;;;;;;;;;;;x
D22;$REGION$;;;;;;;;;;;;;x
D22_ADJ;$REGION$;;;;;;;;;;;;;x
D23;$REGION$;;;;;;;;;;;;;x
D23_ADJ;$REGION$;;;;;;;;;;;;;x
D24;$REGION$;;;;;;;;;;;;;x
D24_ADJ;$REGION$;;;;;;;;;;;;;x
D25;$REGION$;;;;;;;;;;;;;x
D25_ADJ;$REGION$;;;;;;;;;;;;;x
D26;$REGION$;;;;;;;;;;;;;x
D26_ADJ;$REGION$;;;;;;;;;;;;;x
D27;$REGION$;;;;;;;;;;;;;x
D27_ADJ;$REGION$;;;;;;;;;;;;;x
D28;$REGION$;;;;;;;;;;;;;x
D28_ADJ;$REGION$;;;;;;;;;;;;;x
D29;$REGION$;;;;;;;;;;;;;x
D29_ADJ;$REGION$;;;;;;;;;;;;;x
D30;$REGION$;;;;;;;;;;;;;x
D30_ADJ;$REGION$;;;;;;;;;;;;;x
D31;$REGION$;;;;;;;;;;;;;x
D31_ADJ;$REGION$;;;;;;;;;;;;;x
D32;$REGION$;;;;;;;;;;;;;x
D32_ADJ;$REGION$;;;;;;;;;;;;;x
D33;$REGION$;;;;;;;;;;;;;x
D33_ADJ;$REGION$;;;;;;;;;;;;;x
D34;$REGION$;;;;;;;;;;;;;x
D34_ADJ;$REGION$;;;;;;;;;;;;;x
D35;$REGION$;;;;;;;;;;;;;x
D35_ADJ;$REGION$;;;;;;;;;;;;;x
D36;$REGION$;;;;;;;;;;;;;x
D36_ADJ;$REGION$;;;;;;;;;;;;;x
D37;$REGION$;;;;;;;;;;;;;x
D37_ADJ;$REGION$;;;;;;;;;;;;;x
D38;$REGION$;;;;;;;;;;;;;x
D38_ADJ;$REGION$;;;;;;;;;;;;;x
D39;$REGION$;;;;;;;;;;;;;x
D39_ADJ;$REGION$;;;;;;;;;;;;;x
D40;$REGION$;;;;;;;;;;;;;x
D40_ADJ;$REGION$;;;;;;;;;;;;;x
D41;$REGION$;;;;;;;;;;;;;x
D41_ADJ;$REGION$;;;;;;;;;;;;;x
D42;$REGION$;;;;;;;;;;;;;x
D42_ADJ;$REGION$;;;;;;;;;;;;;x
D43;$REGION$;;;;;;;;;;;;;x
D43_ADJ;$REGION$;;;;;;;;;;;;;x
D44;$REGION$;;;;;;;;;;;;;x
D44_ADJ;$REGION$;;;;;;;;;;;;;x
D45;$REGION$;;;;;;;;;;;;;x
D45_ADJ;$REGION$;;;;;;;;;;;;;x
D46;$REGION$;;;;;;;;;;;;;x
D46_ADJ;$REGION$;;;;;;;;;;;;;x
D47;$REGION$;;;;;;;;;;;;;x
D47_ADJ;$REGION$;;;;;;;;;;;;;x
D48;$REGION$;;;;;;;;;;;;;x
D48_ADJ;$REGION$;;;;;;;;;;;;;x
D49;$REGION$;;;;;;;;;;;;;x
D49_ADJ;$REGION$;;;;;;;;;;;;;x
D50;$REGION$;;;;;;;;;;;;;x
D50_ADJ;$REGION$;;;;;;;;;;;;;x
MAD_absolute_monarchy;Kingdom of Imerina;;;;;;;;;;;;;x
MAD_prussian_constitutionalism;Kingdom of Imerina;;;;;;;;;;;;;x
MAD_hms_government;Kingdom of Imerina;;;;;;;;;;;;;x
USA_democracy;United States of America;…tats-Unis;;;;;;;;;;;;x
USA_presidential_dictatorship;United States of America;…tats-Unis;;;;;;;;;;;;x
USA_fascist_dictatorship;United States of America;…tats-Unis;;;;;;;;;;;;x
CSA_prussian_constitutionalism;Confederate States of America;…tats confÈdÈrÈs d'AmÈrique;;;;;;;;;;;;x
CSA_democracy;Confederate States of America;…tats confÈdÈrÈs d'AmÈrique;;;;;;;;;;;;x
CSA_presidential_dictatorship;Confederate States of America;…tats confÈdÈrÈs d'AmÈrique;;;;;;;;;;;;x
CSA_proletarian_dictatorship;Confederate States of America;…tats confÈdÈrÈs d'AmÈrique;;;;;;;;;;;;x
CSA_fascist_dictatorship;Confederate States of America;…tats confÈdÈrÈs d'AmÈrique;;;;;;;;;;;;x
XIN;Sinkiang;;;;;;;;;;;;;x
XIN_ADJ;Sinkiang;;;;;;;;;;;;;x
ISR_Republic;State of Israel;;;;;;;;;;;;;x
LUA_absolute_monarchy;Kingdom of Luang Phrabang;;;;;;;;;;;;;x
LUA_prussian_constitutionalism;Kingdom of Luang Phrabang;;;;;;;;;;;;;x
LUA_hms_government;Kingdom of Luang Phrabang;;;;;;;;;;;;;x
BUR_absolute_monarchy;Burmese Empire;;;;;;;;;;;;;x
BUR_prussian_constitutionalism;Burmese Empire;;;;;;;;;;;;;x
BUR_hms_government;Burmese Empire;;;;;;;;;;;;;x
CHL_conservative_2;O' Higginistas;Partido Conservador;Partido Conservador;;O' Higginistas;;;;;;;;;x;;;;
